observation_date,BAMLH0A0HYM2EY
2020-11-04,5.21
2020-11-05,5.02
2020-11-06,5.13
2020-11-09,4.76
2020-11-10,4.93
2020-11-11,4.93
2020-11-12,5.11
2020-11-13,5.13
2020-11-16,5.01
2020-11-17,4.96
2020-11-18,4.91
2020-11-19,4.95
2020-11-20,4.95
2020-11-23,4.91
2020-11-24,4.79
2020-11-25,4.81
2020-11-26,4.81
2020-11-27,4.81
2020-11-30,4.79
2020-12-01,4.74
2020-12-02,4.70
2020-12-03,4.61
2020-12-04,4.56
2020-12-07,4.53
2020-12-08,4.52
2020-12-09,4.56
2020-12-10,4.57
2020-12-11,4.60
2020-12-14,4.54
2020-12-15,4.54
2020-12-16,4.54
2020-12-17,4.54
2020-12-18,4.53
2020-12-21,4.67
2020-12-22,4.60
2020-12-23,4.56
2020-12-24,4.54
2020-12-25,
2020-12-28,4.37
2020-12-29,4.33
2020-12-30,4.34
2020-12-31,4.34
2021-01-01,
2021-01-04,4.40
2021-01-05,4.41
2021-01-06,4.36
2021-01-07,4.36
2021-01-08,4.35
2021-01-11,4.43
2021-01-12,4.47
2021-01-13,4.41
2021-01-14,4.33
2021-01-15,4.32
2021-01-18,4.31
2021-01-19,4.28
2021-01-20,4.24
2021-01-21,4.22
2021-01-22,4.32
2021-01-25,4.29
2021-01-26,4.28
2021-01-27,4.38
2021-01-28,4.31
2021-01-29,4.35
2021-01-31,4.41
2021-02-01,4.39
2021-02-02,4.33
2021-02-03,4.27
2021-02-04,4.23
2021-02-05,4.18
2021-02-08,4.15
2021-02-09,4.12
2021-02-10,4.10
2021-02-11,4.09
2021-02-12,4.10
2021-02-15,4.08
2021-02-16,4.09
2021-02-17,4.12
2021-02-18,4.13
2021-02-19,4.12
2021-02-22,4.17
2021-02-23,4.19
2021-02-24,4.16
2021-02-25,4.30
2021-02-26,4.37
2021-02-28,4.46
2021-03-01,4.38
2021-03-02,4.34
2021-03-03,4.36
2021-03-04,4.45
2021-03-05,4.52
2021-03-08,4.53
2021-03-09,4.54
2021-03-10,4.53
2021-03-11,4.41
2021-03-12,4.51
2021-03-15,4.50
2021-03-16,4.49
2021-03-17,4.57
2021-03-18,4.66
2021-03-19,4.67
2021-03-22,4.55
2021-03-23,4.51
2021-03-24,4.43
2021-03-25,4.45
2021-03-26,4.44
2021-03-29,4.42
2021-03-30,4.43
2021-03-31,4.42
2021-04-01,4.35
2021-04-02,
2021-04-05,4.30
2021-04-06,4.25
2021-04-07,4.21
2021-04-08,4.18
2021-04-09,4.23
2021-04-12,4.25
2021-04-13,4.28
2021-04-14,4.23
2021-04-15,4.16
2021-04-16,4.16
2021-04-19,4.20
2021-04-20,4.27
2021-04-21,4.26
2021-04-22,4.26
2021-04-23,4.22
2021-04-26,4.19
2021-04-27,4.22
2021-04-28,4.22
2021-04-29,4.20
2021-04-30,4.28
2021-05-03,4.24
2021-05-04,4.27
2021-05-05,4.23
2021-05-06,4.23
2021-05-07,4.20
2021-05-10,4.20
2021-05-11,4.31
2021-05-12,4.35
2021-05-13,4.36
2021-05-14,4.32
2021-05-17,4.32
2021-05-18,4.31
2021-05-19,4.40
2021-05-20,4.38
2021-05-21,4.33
2021-05-24,4.31
2021-05-25,4.25
2021-05-26,4.27
2021-05-27,4.24
2021-05-28,4.22
2021-05-31,4.29
2021-06-01,4.29
2021-06-02,4.26
2021-06-03,4.26
2021-06-04,4.21
2021-06-07,4.20
2021-06-08,4.16
2021-06-09,4.10
2021-06-10,4.10
2021-06-11,4.08
2021-06-14,4.08
2021-06-15,4.08
2021-06-16,4.10
2021-06-17,4.12
2021-06-18,4.14
2021-06-21,4.11
2021-06-22,4.10
2021-06-23,4.09
2021-06-24,4.05
2021-06-25,4.04
2021-06-28,4.01
2021-06-29,3.99
2021-06-30,4.01
2021-07-01,4.01
2021-07-02,3.99
2021-07-05,3.98
2021-07-06,3.95
2021-07-07,3.92
2021-07-08,3.97
2021-07-09,3.95
2021-07-12,3.94
2021-07-13,3.97
2021-07-14,3.99
2021-07-15,3.99
2021-07-16,4.04
2021-07-19,4.21
2021-07-20,4.15
2021-07-21,4.07
2021-07-22,4.04
2021-07-23,4.03
2021-07-26,4.02
2021-07-27,4.05
2021-07-28,4.07
2021-07-29,4.04
2021-07-30,4.04
2021-07-31,4.12
2021-08-02,4.11
2021-08-03,4.16
2021-08-04,4.19
2021-08-05,4.17
2021-08-06,4.17
2021-08-09,4.21
2021-08-10,4.21
2021-08-11,4.26
2021-08-12,4.24
2021-08-13,4.22
2021-08-16,4.20
2021-08-17,4.20
2021-08-18,4.19
2021-08-19,4.24
2021-08-20,4.21
2021-08-23,4.17
2021-08-24,4.12
2021-08-25,4.10
2021-08-26,4.09
2021-08-27,4.02
2021-08-30,3.99
2021-08-31,4.07
2021-09-01,4.05
2021-09-02,4.02
2021-09-03,4.01
2021-09-06,4.00
2021-09-07,4.06
2021-09-08,4.04
2021-09-09,4.01
2021-09-10,4.00
2021-09-13,3.97
2021-09-14,3.95
2021-09-15,3.94
2021-09-16,3.96
2021-09-17,3.96
2021-09-20,4.11
2021-09-21,4.06
2021-09-22,4.00
2021-09-23,4.00
2021-09-24,4.05
2021-09-27,4.09
2021-09-28,4.17
2021-09-29,4.14
2021-09-30,4.21
2021-10-01,4.20
2021-10-04,4.23
2021-10-05,4.22
2021-10-06,4.34
2021-10-07,4.28
2021-10-08,4.32
2021-10-11,4.31
2021-10-12,4.40
2021-10-13,4.37
2021-10-14,4.27
2021-10-15,4.27
2021-10-18,4.29
2021-10-19,4.27
2021-10-20,4.25
2021-10-21,4.26
2021-10-22,4.30
2021-10-25,4.31
2021-10-26,4.28
2021-10-27,4.26
2021-10-28,4.26
2021-10-29,4.27
2021-10-31,4.36
2021-11-01,4.38
2021-11-02,4.39
2021-11-03,4.39
2021-11-04,4.33
2021-11-05,4.21
2021-11-08,4.17
2021-11-09,4.17
2021-11-10,4.27
2021-11-11,4.27
2021-11-12,4.32
2021-11-15,4.36
2021-11-16,4.39
2021-11-17,4.41
2021-11-18,4.42
2021-11-19,4.44
2021-11-22,4.47
2021-11-23,4.60
2021-11-24,4.64
2021-11-25,4.64
2021-11-26,4.80
2021-11-29,4.71
2021-11-30,4.82
2021-12-01,4.73
2021-12-02,4.74
2021-12-03,4.67
2021-12-06,4.61
2021-12-07,4.39
2021-12-08,4.47
2021-12-09,4.50
2021-12-10,4.53
2021-12-13,4.52
2021-12-14,4.57
2021-12-15,4.57
2021-12-16,4.49
2021-12-17,4.53
2021-12-20,4.58
2021-12-21,4.49
2021-12-22,4.42
2021-12-23,4.36
2021-12-24,
2021-12-27,4.26
2021-12-28,4.26
2021-12-29,4.30
2021-12-30,4.34
2021-12-31,4.35
2022-01-03,4.42
2022-01-04,4.46
2022-01-05,4.50
2022-01-06,4.62
2022-01-07,4.69
2022-01-10,4.76
2022-01-11,4.67
2022-01-12,4.54
2022-01-13,4.57
2022-01-14,4.62
2022-01-17,4.62
2022-01-18,4.74
2022-01-19,4.69
2022-01-20,4.68
2022-01-21,4.80
2022-01-24,4.93
2022-01-25,4.92
2022-01-26,4.86
2022-01-27,5.04
2022-01-28,5.19
2022-01-31,5.22
2022-02-01,5.11
2022-02-02,5.03
2022-02-03,5.14
2022-02-04,5.31
2022-02-07,5.33
2022-02-08,5.31
2022-02-09,5.22
2022-02-10,5.35
2022-02-11,5.50
2022-02-14,5.62
2022-02-15,5.58
2022-02-16,5.57
2022-02-17,5.56
2022-02-18,5.58
2022-02-21,5.58
2022-02-22,5.58
2022-02-23,5.57
2022-02-24,5.72
2022-02-25,5.48
2022-02-28,5.50
2022-03-01,5.46
2022-03-02,5.47
2022-03-03,5.46
2022-03-04,5.55
2022-03-07,5.71
2022-03-08,5.82
2022-03-09,5.81
2022-03-10,5.93
2022-03-11,5.99
2022-03-14,6.23
2022-03-15,6.28
2022-03-16,6.10
2022-03-17,5.94
2022-03-18,5.90
2022-03-21,5.95
2022-03-22,6.03
2022-03-23,6.00
2022-03-24,5.98
2022-03-25,6.00
2022-03-28,6.02
2022-03-29,5.79
2022-03-30,5.70
2022-03-31,5.79
2022-04-01,5.86
2022-04-04,5.80
2022-04-05,5.88
2022-04-06,6.10
2022-04-07,6.16
2022-04-08,6.26
2022-04-11,6.45
2022-04-12,6.37
2022-04-13,6.35
2022-04-14,6.36
2022-04-15,
2022-04-18,6.38
2022-04-19,6.40
2022-04-20,6.34
2022-04-21,6.38
2022-04-22,6.52
2022-04-25,6.59
2022-04-26,6.56
2022-04-27,6.61
2022-04-28,6.64
2022-04-29,6.77
2022-04-30,6.84
2022-05-02,7.01
2022-05-03,6.93
2022-05-04,6.96
2022-05-05,7.02
2022-05-06,7.19
2022-05-09,7.42
2022-05-10,7.40
2022-05-11,7.41
2022-05-12,7.53
2022-05-13,7.49
2022-05-16,7.50
2022-05-17,7.50
2022-05-18,7.68
2022-05-19,7.72
2022-05-20,7.67
2022-05-23,7.64
2022-05-24,7.64
2022-05-25,7.41
2022-05-26,7.05
2022-05-27,6.88
2022-05-30,6.88
2022-05-31,7.00
2022-06-01,7.03
2022-06-02,7.03
2022-06-03,7.12
2022-06-06,7.19
2022-06-07,7.28
2022-06-08,7.33
2022-06-09,7.45
2022-06-10,7.71
2022-06-13,8.29
2022-06-14,8.44
2022-06-15,8.25
2022-06-16,8.51
2022-06-17,8.45
2022-06-20,8.45
2022-06-21,8.39
2022-06-22,8.51
2022-06-23,8.48
2022-06-24,8.32
2022-06-27,8.33
2022-06-28,8.48
2022-06-29,8.74
2022-06-30,8.88
2022-07-01,8.83
2022-07-04,8.84
2022-07-05,8.84
2022-07-06,8.77
2022-07-07,8.57
2022-07-08,8.51
2022-07-11,8.49
2022-07-12,8.46
2022-07-13,8.50
2022-07-14,8.59
2022-07-15,8.44
2022-07-18,8.32
2022-07-19,8.24
2022-07-20,8.06
2022-07-21,7.99
2022-07-22,7.83
2022-07-25,7.85
2022-07-26,7.95
2022-07-27,7.89
2022-07-28,7.72
2022-07-29,7.50
2022-07-31,7.56
2022-08-01,7.51
2022-08-02,7.50
2022-08-03,7.45
2022-08-04,7.36
2022-08-05,7.44
2022-08-08,7.36
2022-08-09,7.46
2022-08-10,7.29
2022-08-11,7.24
2022-08-12,7.26
2022-08-15,7.19
2022-08-16,7.25
2022-08-17,7.40
2022-08-18,7.42
2022-08-19,7.58
2022-08-22,7.81
2022-08-23,7.87
2022-08-24,7.85
2022-08-25,7.79
2022-08-26,7.87
2022-08-29,8.06
2022-08-30,8.20
2022-08-31,8.34
2022-09-01,8.51
2022-09-02,8.39
2022-09-05,8.39
2022-09-06,8.45
2022-09-07,8.37
2022-09-08,8.23
2022-09-09,8.05
2022-09-12,7.99
2022-09-13,8.29
2022-09-14,8.35
2022-09-15,8.45
2022-09-16,8.64
2022-09-19,8.59
2022-09-20,8.65
2022-09-21,8.63
2022-09-22,8.84
2022-09-23,9.09
2022-09-26,9.33
2022-09-27,9.43
2022-09-28,9.35
2022-09-29,9.50
2022-09-30,9.50
2022-10-03,9.37
2022-10-04,9.02
2022-10-05,9.09
2022-10-06,9.03
2022-10-07,9.17
2022-10-10,9.18
2022-10-11,9.42
2022-10-12,9.44
2022-10-13,9.50
2022-10-14,9.43
2022-10-17,9.31
2022-10-18,9.18
2022-10-19,9.32
2022-10-20,9.33
2022-10-21,9.36
2022-10-24,9.29
2022-10-25,9.13
2022-10-26,9.01
2022-10-27,8.87
2022-10-28,8.73
2022-10-31,8.92
2022-11-01,8.91
2022-11-02,8.95
2022-11-03,9.22
2022-11-04,9.17
2022-11-07,9.16
2022-11-08,9.15
2022-11-09,9.31
2022-11-10,8.82
2022-11-11,8.82
2022-11-14,8.73
2022-11-15,8.62
2022-11-16,8.63
2022-11-17,8.76
2022-11-18,8.73
2022-11-21,8.72
2022-11-22,8.61
2022-11-23,8.49
2022-11-24,8.49
2022-11-25,8.50
2022-11-28,8.60
2022-11-29,8.65
2022-11-30,8.46
2022-12-01,8.26
2022-12-02,8.27
2022-12-05,8.34
2022-12-06,8.42
2022-12-07,8.42
2022-12-08,8.36
2022-12-09,8.33
2022-12-12,8.30
2022-12-13,8.11
2022-12-14,8.10
2022-12-15,8.27
2022-12-16,8.40
2022-12-19,8.50
2022-12-20,8.57
2022-12-21,8.43
2022-12-22,8.51
2022-12-23,8.54
2022-12-26,
2022-12-27,8.60
2022-12-28,8.80
2022-12-29,8.85
2022-12-30,8.83
2022-12-31,8.87
2023-01-02,
2023-01-03,8.73
2023-01-04,8.57
2023-01-05,8.58
2023-01-06,8.29
2023-01-09,8.14
2023-01-10,8.16
2023-01-11,8.07
2023-01-12,7.94
2023-01-13,7.93
2023-01-16,7.90
2023-01-17,7.91
2023-01-18,7.82
2023-01-19,7.99
2023-01-20,8.03
2023-01-23,8.00
2023-01-24,8.00
2023-01-25,8.02
2023-01-26,7.95
2023-01-27,7.97
2023-01-30,8.04
2023-01-31,8.02
2023-02-01,7.93
2023-02-02,7.56
2023-02-03,7.73
2023-02-06,7.93
2023-02-07,7.94
2023-02-08,7.98
2023-02-09,8.03
2023-02-10,8.27
2023-02-13,8.25
2023-02-14,8.25
2023-02-15,8.30
2023-02-16,8.40
2023-02-17,8.50
2023-02-20,8.50
2023-02-21,8.73
2023-02-22,8.65
2023-02-23,8.50
2023-02-24,8.57
2023-02-27,8.47
2023-02-28,8.51
2023-03-01,8.57
2023-03-02,8.62
2023-03-03,8.41
2023-03-06,8.35
2023-03-07,8.42
2023-03-08,8.55
2023-03-09,8.61
2023-03-10,8.69
2023-03-13,8.81
2023-03-14,8.67
2023-03-15,8.88
2023-03-16,8.78
2023-03-17,8.81
2023-03-20,8.86
2023-03-21,8.72
2023-03-22,8.66
2023-03-23,8.65
2023-03-24,8.76
2023-03-27,8.75
2023-03-28,8.78
2023-03-29,8.63
2023-03-30,8.52
2023-03-31,8.31
2023-04-03,8.25
2023-04-04,8.28
2023-04-05,8.35
2023-04-06,8.35
2023-04-07,
2023-04-10,8.37
2023-04-11,8.31
2023-04-12,8.25
2023-04-13,8.13
2023-04-14,8.16
2023-04-17,8.23
2023-04-18,8.19
2023-04-19,8.25
2023-04-20,8.31
2023-04-21,8.26
2023-04-24,8.21
2023-04-25,8.20
2023-04-26,8.25
2023-04-27,8.22
2023-04-28,8.14
2023-04-30,8.19
2023-05-01,8.25
2023-05-02,8.33
2023-05-03,8.30
2023-05-04,8.44
2023-05-05,8.36
2023-05-08,8.39
2023-05-09,8.43
2023-05-10,8.35
2023-05-11,8.35
2023-05-12,8.39
2023-05-15,8.40
2023-05-16,8.48
2023-05-17,8.50
2023-05-18,8.55
2023-05-19,8.54
2023-05-22,8.48
2023-05-23,8.52
2023-05-24,8.66
2023-05-25,8.68
2023-05-26,8.67
2023-05-29,8.68
2023-05-30,8.57
2023-05-31,8.64
2023-06-01,8.54
2023-06-02,8.40
2023-06-05,8.41
2023-06-06,8.43
2023-06-07,8.44
2023-06-08,8.42
2023-06-09,8.39
2023-06-12,8.42
2023-06-13,8.36
2023-06-14,8.37
2023-06-15,8.29
2023-06-16,8.30
2023-06-19,8.31
2023-06-20,8.35
2023-06-21,8.44
2023-06-22,8.50
2023-06-23,8.57
2023-06-26,8.57
2023-06-27,8.50
2023-06-28,8.42
2023-06-29,8.44
2023-06-30,8.35
2023-07-03,8.35
2023-07-04,8.35
2023-07-05,8.41
2023-07-06,8.61
2023-07-07,8.57
2023-07-10,8.54
2023-07-11,8.45
2023-07-12,8.19
2023-07-13,8.08
2023-07-14,8.10
2023-07-17,8.15
2023-07-18,8.08
2023-07-19,8.04
2023-07-20,8.15
2023-07-21,8.14
2023-07-24,8.13
2023-07-25,8.17
2023-07-26,8.18
2023-07-27,8.18
2023-07-28,8.17
2023-07-31,8.14
2023-08-01,8.23
2023-08-02,8.37
2023-08-03,8.45
2023-08-04,8.35
2023-08-07,8.32
2023-08-08,8.30
2023-08-09,8.25
2023-08-10,8.22
2023-08-11,8.30
2023-08-14,8.30
2023-08-15,8.35
2023-08-16,8.36
2023-08-17,8.49
2023-08-18,8.53
2023-08-21,8.57
2023-08-22,8.54
2023-08-23,8.40
2023-08-24,8.45
2023-08-25,8.47
2023-08-28,8.40
2023-08-29,8.30
2023-08-30,8.22
2023-08-31,8.27
2023-09-01,8.28
2023-09-04,8.28
2023-09-05,8.38
2023-09-06,8.47
2023-09-07,8.45
2023-09-08,8.42
2023-09-11,8.40
2023-09-12,8.42
2023-09-13,8.41
2023-09-14,8.35
2023-09-15,8.40
2023-09-18,8.43
2023-09-19,8.48
2023-09-20,8.47
2023-09-21,8.64
2023-09-22,8.62
2023-09-25,8.72
2023-09-26,8.80
2023-09-27,8.85
2023-09-28,8.84
2023-09-29,8.77
2023-09-30,8.80
2023-10-02,8.96
2023-10-03,9.19
2023-10-04,9.21
2023-10-05,9.20
2023-10-06,9.22
2023-10-09,9.23
2023-10-10,8.98
2023-10-11,8.97
2023-10-12,9.08
2023-10-13,9.07
2023-10-16,9.10
2023-10-17,9.21
2023-10-18,9.32
2023-10-19,9.39
2023-10-20,9.45
2023-10-23,9.40
2023-10-24,9.30
2023-10-25,9.35
2023-10-26,9.38
2023-10-27,9.38
2023-10-30,9.39
2023-10-31,9.38
2023-11-01,9.29
2023-11-02,8.93
2023-11-03,8.69
2023-11-06,8.73
2023-11-07,8.76
2023-11-08,8.75
2023-11-09,8.83
2023-11-10,8.82
2023-11-13,8.81
2023-11-14,8.48
2023-11-15,8.55
2023-11-16,8.59
2023-11-17,8.57
2023-11-20,8.50
2023-11-21,8.51
2023-11-22,8.48
2023-11-23,8.48
2023-11-24,8.49
2023-11-27,8.44
2023-11-28,8.37
2023-11-29,8.18
2023-11-30,8.30
2023-12-01,8.19
2023-12-04,8.17
2023-12-05,8.09
2023-12-06,8.06
2023-12-07,8.05
2023-12-08,8.14
2023-12-11,8.18
2023-12-12,8.13
2023-12-13,7.92
2023-12-14,7.50
2023-12-15,7.57
2023-12-18,7.60
2023-12-19,7.54
2023-12-20,7.43
2023-12-21,7.42
2023-12-22,7.40
2023-12-25,
2023-12-26,7.39
2023-12-27,7.27
2023-12-28,7.30
2023-12-29,7.32
2023-12-31,7.39
2024-01-01,
2024-01-02,7.60
2024-01-03,7.75
2024-01-04,7.80
2024-01-05,7.83
2024-01-08,7.74
2024-01-09,7.69
2024-01-10,7.61
2024-01-11,7.58
2024-01-12,7.51
2024-01-15,7.49
2024-01-16,7.62
2024-01-17,7.74
2024-01-18,7.72
2024-01-19,7.70
2024-01-22,7.62
2024-01-23,7.66
2024-01-24,7.63
2024-01-25,7.57
2024-01-26,7.55
2024-01-29,7.50
2024-01-30,7.51
2024-01-31,7.59
2024-02-01,7.49
2024-02-02,7.59
2024-02-05,7.73
2024-02-06,7.67
2024-02-07,7.61
2024-02-08,7.60
2024-02-09,7.57
2024-02-12,7.58
2024-02-13,7.78
2024-02-14,7.72
2024-02-15,7.66
2024-02-16,7.71
2024-02-19,7.72
2024-02-20,7.71
2024-02-21,7.73
2024-02-22,7.64
2024-02-23,7.61
2024-02-26,7.63
2024-02-27,7.67
2024-02-28,7.68
2024-02-29,7.68
2024-03-01,7.63
2024-03-04,7.60
2024-03-05,7.58
2024-03-06,7.53
2024-03-07,7.49
2024-03-08,7.46
2024-03-11,7.50
2024-03-12,7.50
2024-03-13,7.48
2024-03-14,7.57
2024-03-15,7.61
2024-03-18,7.60
2024-03-19,7.53
2024-03-20,7.50
2024-03-21,7.42
2024-03-22,7.40
2024-03-25,7.46
2024-03-26,7.49
2024-03-27,7.44
2024-03-28,7.44
2024-03-29,
2024-03-31,7.50
2024-04-01,7.58
2024-04-02,7.70
2024-04-03,7.68
2024-04-04,7.64
2024-04-05,7.68
2024-04-08,7.69
2024-04-09,7.63
2024-04-10,7.81
2024-04-11,7.87
2024-04-12,7.91
2024-04-15,7.99
2024-04-16,8.12
2024-04-17,8.11
2024-04-18,8.13
2024-04-19,8.10
2024-04-22,8.01
2024-04-23,7.88
2024-04-24,7.90
2024-04-25,8.00
2024-04-26,7.91
2024-04-29,7.82
2024-04-30,7.99
2024-05-01,7.95
2024-05-02,7.83
2024-05-03,7.66
2024-05-06,7.62
2024-05-07,7.63
2024-05-08,7.70
2024-05-09,7.71
2024-05-10,7.73
2024-05-13,7.73
2024-05-14,7.68
2024-05-15,7.56
2024-05-16,7.57
2024-05-17,7.61
2024-05-20,7.61
2024-05-21,7.59
2024-05-22,7.66
2024-05-23,7.72
2024-05-24,7.72
2024-05-27,7.73
2024-05-28,7.76
2024-05-29,7.86
2024-05-30,7.84
2024-05-31,7.81
2024-06-03,7.71
2024-06-04,7.68
2024-06-05,7.62
2024-06-06,7.62
2024-06-07,7.71
2024-06-10,7.72
2024-06-11,7.70
2024-06-12,7.52
2024-06-13,7.54
2024-06-14,7.61
2024-06-17,7.64
2024-06-18,7.57
2024-06-19,7.57
2024-06-20,7.58
2024-06-21,7.58
2024-06-24,7.55
2024-06-25,7.55
2024-06-26,7.61
2024-06-27,7.58
2024-06-28,7.59
2024-06-30,7.67
2024-07-01,7.75
2024-07-02,7.73
2024-07-03,7.68
2024-07-04,7.68
2024-07-05,7.62
2024-07-08,7.56
2024-07-09,7.57
2024-07-10,7.52
2024-07-11,7.43
2024-07-12,7.40
2024-07-15,7.34
2024-07-16,7.26
2024-07-17,7.27
2024-07-18,7.30
2024-07-19,7.34
2024-07-22,7.31
2024-07-23,7.27
2024-07-24,7.32
2024-07-25,7.32
2024-07-26,7.28
2024-07-29,7.29
2024-07-30,7.32
2024-07-31,7.30
2024-08-01,7.32
2024-08-02,7.45
2024-08-05,7.66
2024-08-06,7.52
2024-08-07,7.44
2024-08-08,7.41
2024-08-09,7.39
2024-08-12,7.38
2024-08-13,7.32
2024-08-14,7.23
2024-08-15,7.19
2024-08-16,7.15
2024-08-19,7.06
2024-08-20,7.05
2024-08-21,7.01
2024-08-22,7.03
2024-08-23,6.93
2024-08-26,6.90
2024-08-27,6.91
2024-08-28,6.94
2024-08-29,6.92
2024-08-30,6.93
2024-08-31,7.00
2024-09-02,7.00
2024-09-03,7.07
2024-09-04,7.02
2024-09-05,6.94
2024-09-06,6.98
2024-09-09,6.95
2024-09-10,6.98
2024-09-11,6.99
2024-09-12,6.96
2024-09-13,6.89
2024-09-16,6.81
2024-09-17,6.77
2024-09-18,6.77
2024-09-19,6.66
2024-09-20,6.71
2024-09-23,6.72
2024-09-24,6.75
2024-09-25,6.77
2024-09-26,6.76
2024-09-27,6.69
2024-09-30,6.66
2024-10-01,6.65
2024-10-02,6.68
2024-10-03,6.74
2024-10-04,6.78
2024-10-07,6.88
2024-10-08,6.91
2024-10-09,6.91
2024-10-10,6.95
2024-10-11,6.92
2024-10-14,6.89
2024-10-15,6.82
2024-10-16,6.78
2024-10-17,6.81
2024-10-18,6.79
2024-10-21,6.88
2024-10-22,6.94
2024-10-23,7.00
2024-10-24,6.96
2024-10-25,6.97
2024-10-28,6.93
2024-10-29,6.95
2024-10-30,6.93
2024-10-31,7.06
2024-11-01,7.10
2024-11-04,7.08
2024-11-05,7.09
2024-11-06,7.08
2024-11-07,6.96
2024-11-08,6.88
2024-11-11,6.88
2024-11-12,6.98
2024-11-13,6.97
2024-11-14,6.97
2024-11-15,7.07
2024-11-18,7.04
2024-11-19,6.99
2024-11-20,6.99
2024-11-21,6.95
2024-11-22,6.97
2024-11-25,6.87
2024-11-26,6.92
2024-11-27,6.88
2024-11-28,6.88
2024-11-29,6.86
2024-11-30,6.88
2024-12-02,6.83
2024-12-03,6.83
2024-12-04,6.78
2024-12-05,6.78
2024-12-06,6.75
2024-12-09,6.78
2024-12-10,6.81
2024-12-11,6.81
2024-12-12,6.87
2024-12-13,6.95
2024-12-16,6.94
2024-12-17,7.00
2024-12-18,7.11
2024-12-19,7.30
2024-12-20,7.23
2024-12-23,7.26
2024-12-24,7.27
2024-12-25,
2024-12-26,7.26
2024-12-27,7.26
2024-12-30,7.27
2024-12-31,7.30
2025-01-01,
2025-01-02,7.25
2025-01-03,7.21
2025-01-06,7.16
2025-01-07,7.25
2025-01-08,7.27
2025-01-09,7.25
2025-01-10,7.37
2025-01-13,7.43
2025-01-14,7.34
2025-01-15,7.13
2025-01-16,7.10
2025-01-17,7.03
2025-01-20,7.03
2025-01-21,6.97
2025-01-22,6.98
2025-01-23,7.02
2025-01-24,6.98
2025-01-27,6.97
2025-01-28,6.96
2025-01-29,6.99
2025-01-30,6.95
2025-01-31,6.98
2025-02-03,7.06
2025-02-04,7.01
2025-02-05,6.93
2025-02-06,6.92
2025-02-07,6.99
2025-02-10,6.98
2025-02-11,7.00
2025-02-12,7.08
2025-02-13,7.01
2025-02-14,6.91
2025-02-17,6.91
2025-02-18,6.97
2025-02-19,7.00
2025-02-20,6.96
2025-02-21,7.00
2025-02-24,6.98
2025-02-25,6.93
2025-02-26,6.87
2025-02-27,6.87
2025-02-28,6.92
2025-03-03,6.95
2025-03-04,7.01
2025-03-05,6.98
2025-03-06,7.08
2025-03-07,7.09
2025-03-10,7.17
2025-03-11,7.28
2025-03-12,7.28
2025-03-13,7.45
2025-03-14,7.36
2025-03-17,7.30
2025-03-18,7.32
2025-03-19,7.23
2025-03-20,7.19
2025-03-21,7.24
2025-03-24,7.16
2025-03-25,7.18
2025-03-26,7.30
2025-03-27,7.38
2025-03-28,7.47
2025-03-31,7.53
2025-04-01,7.45
2025-04-02,7.40
2025-04-03,7.80
2025-04-04,8.22
2025-04-07,8.51
2025-04-08,8.48
2025-04-09,8.38
2025-04-10,8.46
2025-04-11,8.40
2025-04-14,8.15
2025-04-15,8.07
2025-04-16,8.07
2025-04-17,7.95
2025-04-18,
2025-04-21,8.11
2025-04-22,7.97
2025-04-23,7.75
2025-04-24,7.66
2025-04-25,7.56
2025-04-28,7.55
2025-04-29,7.51
2025-04-30,7.69
2025-05-01,7.62
2025-05-02,7.55
2025-05-05,7.57
2025-05-06,7.59
2025-05-07,7.58
2025-05-08,7.54
2025-05-09,7.55
2025-05-12,7.28
2025-05-13,7.23
2025-05-14,7.28
2025-05-15,7.28
2025-05-16,7.25
2025-05-19,7.29
2025-05-20,7.28
2025-05-21,7.40
2025-05-22,7.43
2025-05-23,7.49
2025-05-26,7.49
2025-05-27,7.29
2025-05-28,7.30
2025-05-29,7.24
2025-05-30,7.26
2025-05-31,7.31
2025-06-02,7.32
2025-06-03,7.26
2025-06-04,7.21
2025-06-05,7.22
2025-06-06,7.25
2025-06-09,7.25
2025-06-10,7.23
2025-06-11,7.17
2025-06-12,7.16
2025-06-13,7.22
2025-06-16,7.16
2025-06-17,7.18
2025-06-18,7.15
2025-06-19,7.14
2025-06-20,7.10
2025-06-23,7.04
2025-06-24,6.93
2025-06-25,6.90
2025-06-26,6.84
2025-06-27,6.85
2025-06-30,6.80
2025-07-01,6.79
2025-07-02,6.79
2025-07-03,6.78
2025-07-04,6.78
2025-07-07,6.86
2025-07-08,6.94
2025-07-09,6.89
2025-07-10,6.89
2025-07-11,6.98
2025-07-14,6.96
2025-07-15,7.01
2025-07-16,6.99
2025-07-17,6.92
2025-07-18,6.90
2025-07-21,6.82
2025-07-22,6.80
2025-07-23,6.78
2025-07-24,6.80
2025-07-25,6.80
2025-07-28,6.79
2025-07-29,6.78
2025-07-30,6.85
2025-07-31,6.86
2025-08-01,6.93
2025-08-04,6.81
2025-08-05,6.79
2025-08-06,6.78
2025-08-07,6.77
2025-08-08,6.80
2025-08-11,6.81
2025-08-12,6.78
2025-08-13,6.69
2025-08-14,6.72
2025-08-15,6.72
2025-08-18,6.73
2025-08-19,6.72
2025-08-20,6.74
2025-08-21,6.79
2025-08-22,6.64
2025-08-25,6.58
2025-08-26,6.52
2025-08-27,6.48
2025-08-28,6.44
2025-08-29,6.50
2025-08-31,6.58
2025-09-01,6.58
2025-09-02,6.70
2025-09-03,6.63
2025-09-04,6.54
2025-09-05,6.48
2025-09-08,6.45
2025-09-09,6.52
2025-09-10,6.48
2025-09-11,6.41
2025-09-12,6.46
2025-09-15,6.39
2025-09-16,6.41
2025-09-17,6.44
2025-09-18,6.40
2025-09-19,6.41
2025-09-22,6.40
2025-09-23,6.40
2025-09-24,6.42
2025-09-25,6.53
2025-09-26,6.53
2025-09-29,6.48
2025-09-30,6.56
2025-10-01,6.52
2025-10-02,6.51
2025-10-03,6.52
2025-10-06,6.51
2025-10-07,6.54
2025-10-08,6.56
2025-10-09,6.69
2025-10-10,6.84
2025-10-13,6.84
2025-10-14,6.70
2025-10-15,6.57
2025-10-16,6.58
2025-10-17,6.61
2025-10-20,6.55
2025-10-21,6.52
2025-10-22,6.55
2025-10-23,6.55
2025-10-24,6.46
2025-10-27,6.39
2025-10-28,6.40
2025-10-29,6.44
2025-10-30,6.53
2025-10-31,6.67
2025-11-03,6.77
2025-11-04,6.85
