Index,Percent Change (%)
0,1.9369938403987597
1,0.5494456549742566
2,1.9808806531262269
3,-0.24559189127729697
4,-0.33572409322819574
5,-2.3354977079262818
6,1.7475242405187164
7,0.994347179003352
8,-2.2600097394712804
9,-0.915754402665403
10,0.2772706792206092
11,-6.589862925802381
12,-3.4040479451165395
13,0.12767935969195676
14,-1.963785962108311
15,2.3153049847595586
16,0.381382415963194
17,-1.3677834898393137
18,1.7719631888558407
19,2.3214689481437123
20,-0.6411795966091649
21,-4.815096543367403
22,-0.13037611225535928
23,-1.5665756816530485
24,1.830235047070028
25,1.2503244331016017
26,0.3859056598940702
27,-0.1793943977524748
28,2.875478587796154
29,-0.07486593342986847
30,0.9240732353262393
31,-0.9403639434548805
32,2.048462952360408
33,-2.374534742321621
34,2.432290321028585
35,-0.5140736654021927
36,3.272642349973709
37,-0.3335701348023301
38,-0.5020389432878636
39,-0.21624256342530623
40,0.9390787409385926
41,2.1230993397443054
42,-0.5139014567759004
43,-0.3991593872587629
44,1.202268171250953
45,0.5823433454992477
46,-0.0694737820399638
47,-0.18540400515792976
48,0.39471090050415825
49,1.2719685839754247
50,-0.34254743718381553
51,-0.43537724419412394
52,0.6674359273537656
53,1.9204392326336528
54,0.8075297910901336
55,0.0
56,0.17801921116913366
57,-0.35539725851894133
58,-0.6241613363515253
59,0.3813327993784199
60,0.9608945367056476
61,0.35413865943196843
62,1.1027789993764747
63,-1.1343814485880066
64,0.9708707627357649
65,0.480771916024314
66,0.34797705307747506
67,-0.5851765525255903
68,4.054939292921267
69,0.1676133078188924
70,-4.727048883736318
71,-0.35126201996054096
72,1.079536649164492
73,-1.1551930724833182
74,-1.345086694991604
75,0.4470204307981618
76,-2.3364469718441527
77,-3.3720655338751016
78,2.4758293818400334
79,1.2425239919535036
80,-3.227268565784802
81,2.231087147463029
82,-2.4350966880750113
83,0.37673614978404046
84,-4.269293101626204
85,-0.12252646428612124
86,2.919535059886358
87,-0.9535197106177118
88,0.3369419788666672
89,-2.1108114233762354
90,-2.254354208977538
91,-0.12534278722882153
92,-2.0582321578403784
93,0.9226053463049944
94,-3.936006081816823
95,5.8683513046606794
96,-3.5705376589683424
97,0.8285854574688445
98,-0.41088816911863946
99,4.228982571613615
100,-2.0781701532485375
101,-2.6275918833115197
102,2.6206494487297283
103,-1.1378022038437297
104,-3.785165217374342
105,-2.3923384814847792
106,2.886703494977305
107,-1.746955713968379
108,3.1519450897332435
109,-0.5223315700114028
110,-1.9952699356488912
111,2.464500733509123
112,0.7058835497089522
113,-0.20768907088255517
114,1.9250824789380339
115,-0.7912235091281139
116,-1.3892387848437049
117,1.4609901691683413
118,-2.211366993696773
119,3.707598981516913
120,-2.281941537827936
121,-3.8401647822484897
122,-1.2142491804216893
123,-1.4476885289835706
124,-0.6929046211544776
125,1.395478577862197
126,5.009632818868992
127,0.026207919091225662
128,1.8081725090881573
129,0.8751613022954796
130,3.2916584861734988
131,-0.3211488873155588
132,0.2726161450095521
133,-3.608500043275975
134,0.10256645007011844
135,1.5112708472125869
136,-3.053249726363094
137,2.420615173083207
138,1.2198306875393472
139,1.2553351167816418
140,0.8926277691787554
141,-0.9093117335273071
142,-0.2728189761511457
143,0.17408529325544375
144,3.376367059500951
145,-1.3448548674401817
146,0.5111954116659989
147,-0.04843898600194185
148,-2.0111505254382656
149,-1.5331329202253774
150,-1.6323493994486182
151,-3.574158224729207
152,0.10590657940836579
153,-0.8198925205805452
154,0.506663004557284
155,-0.5571745612212409
156,1.093916361845415
157,-2.1641586382507128
158,0.18883111788638995
159,-0.70004934250395
160,-1.8167081459816714
161,0.055234626537870035
162,-1.6560819257577575
163,2.7224175608400403
164,-2.0491804133005775
165,1.4226001616112205
166,3.7953824118538426
167,1.1128726822101642
168,2.646746136194489
169,-2.272145599317499
170,2.194357835356553
171,2.505111372683544
172,-0.8478807120337217
173,3.420524818319759
174,-0.9727571049898076
175,0.6385027351153649
176,0.024407360522693544
177,-2.2688467116222077
178,2.820761893860957
179,-1.4566605829698487
180,-1.60138340338849
181,-2.1031551864555076
182,1.6624080594507484
183,-1.685529984768086
184,-0.33265368992877464
185,-1.3863951346597903
186,-0.9112170671999542
187,1.9705727087186098
188,0.3607301847321942
189,1.771498365066826
190,0.6559085273305065
191,-0.9523835929398872
192,-0.5313741954458995
193,1.0684257295159538
194,1.6863880980675816
195,-1.3861419607429926
196,-2.8112422881404364
197,-4.054751150123304
198,2.8263773726337815
199,-1.3350840995931534
200,1.0878213381561697
201,-1.049862801053214
202,0.0
203,-1.671090332535352
204,0.35069077201363985
205,0.9139788860612397
206,-0.07992166558986602
207,0.31992202599790964
208,-0.5580730619427543
209,-1.2292867637134441
210,2.0562828870570815
211,5.514310575408432
212,2.864320129400677
213,-1.0503183185141873
214,-1.5057931891595544
215,1.8045047079481291
216,-1.477101156814964
217,-1.0244873631243823
218,1.1865721117416461
219,-1.1726576827123747
220,-1.0855852020951628
221,1.2251136766145532
222,-0.6303580457938773
223,-2.2836882247235124
224,-2.28511371532808
225,1.408447420284431
226,-1.7295593554801036
227,1.0933329264323
228,-1.345287057731337
229,2.0053475117669084
230,3.04062857409122
231,0.7631626216741294
232,0.7321406489742888
233,-1.6290764436620808
234,2.573244131294783
235,1.3661278556577727
236,1.5192328130881672
237,0.19309200040587005
238,-1.7345156230284986
239,-1.42192159361757
240,-0.4973906179885579
241,-0.849787970135718
242,0.705829611591291
243,2.628283396766795
244,2.829267920517342
245,-0.1897486163352835
246,1.4020824910117025
247,-0.14060829896499483
248,-0.5867167247570193
249,-0.30689581265838095
250,0.44991387347508294
251,2.7345679212183116
252,1.3308811197527692
253,1.2228281643868355
254,-0.4921727448504387
255,-1.8884895711167027
256,-0.5499492830571828
257,0.4608224451857046
258,2.5458730486204173
259,-0.5815216436081294
260,1.0348685637283195
261,-0.3562677531857683
262,-2.3240243922398762
263,2.379320378198746
264,1.2067059564856875
265,-0.5961590909818293
266,-0.3331886369473347
267,0.24515402935165742
268,0.266782865953763
269,-1.241679772816584
270,0.8980639940718849
271,2.2029410518904946
272,-1.0450675790268593
273,0.02199850685449256
274,-1.9137680365284515
275,2.0408159773448453
276,0.5274762164105384
277,-1.3773525251351781
278,0.9310533435216373
279,2.284210286428223
280,-0.06441653316181517
281,0.6016303691207314
282,2.3921378453331643
283,-0.25031067025920173
284,0.37641218386552655
285,-4.14583683013916
286,-0.10867037358083254
287,-0.10878859455295542
288,1.6771955136634098
289,0.021418854901100737
290,-2.3345474076847728
291,-0.8552618480234586
292,1.9243591333777177
293,-1.215280709719102
294,-0.7249600785063315
295,2.677590033062671
296,0.34482724601392345
297,-2.212204818758867
298,0.4612407309472877
299,-0.961964200393528
300,-1.5231758020527453
301,-1.7933181486550098
302,1.711937860055035
303,2.6481155045095406
304,-0.24049105009837923
305,-0.3506461618821066
306,0.28589674494836625
307,0.2850900711959703
308,0.2842796182299656
309,0.21805161969081777
310,0.13055129348618078
311,0.934377011948162
312,-0.7535033004727354
313,0.5422993671905241
314,-0.021571352453841897
315,0.5179147122928773
316,2.2756494566882113
317,-0.5037738598747343
318,-1.1814374583622556
319,0.04269952540247868
320,-0.4694861669603312
321,-0.8361908120757766
322,-2.767564928209465
323,-0.17790044225717283
324,-2.0717316057487833
325,1.569614321602586
326,-0.20156808401390336
327,0.2692974151403238
328,-0.1566689667549359
329,1.1432376475127404
330,0.8422009687741872
331,0.7692274156507528
332,-0.47981987639548196
333,-0.9861949428134009
334,1.6378881336234885
335,-0.9146301953238067
336,-0.7252787495707458
337,-0.28779556937715833
338,-0.17762395521423446
339,0.44484156363902017
340,-2.0593452354253583
341,-0.31652586727871634
342,-2.131999599582246
343,-0.6257252565836868
344,2.168843941254739
345,0.616298674503768
346,-0.18149234966302608
347,-1.9772702997380986
348,-1.3447758328099524
349,-0.493534872474799
350,-0.1653275733867421
351,0.42583464212553324
352,0.8009426300993772
353,1.05164934169506
354,-3.422764337381201
355,-0.3591899358489581
356,-0.09613293665127198
357,-2.501806406452367
358,0.468794589511079
359,-0.8104170460753957
360,1.4607580131311027
361,0.17081428893641615
362,1.510350653855852
363,-0.14398262834209863
364,-2.235040354564233
365,-0.786626579212446
366,1.0901848861621044
367,-0.7843129921765946
368,1.0622537303319968
369,-0.5377688133065162
370,-1.5237133271314374
371,-1.4474619934482735
372,0.9875902078299914
373,-0.8525580328023752
374,2.3014664297965393
375,1.2113667602658529
376,1.563271191533877
377,-1.3227586039859962
378,-1.145497002166651
379,1.873763056708544
380,-1.4036738156851247
381,-3.2155162477163546
382,-0.10144792091744126
383,0.5839033912165226
384,1.8425026802533662
385,-0.9169738435605312
386,-0.37518187318430485
387,1.40596920122944
388,1.411239671794351
389,3.2470748554261464
390,-0.2364679277688131
391,-1.1851149947264217
392,-0.5996642078079484
393,-1.858109274326547
394,0.0245934022148786
395,-0.5653872677259142
396,-0.02472715955949001
397,-1.4836758024141417
398,0.1506058560773349
399,-4.962414238629476
400,-0.8438810925003759
401,-9.414886288536817
402,6.87022917862492
403,-5.57692996949709
404,6.750072059711276
405,-2.125916621673196
406,2.7012008488577877
407,-2.304778373646066
408,1.4987536325913764
409,-3.7735878578925686
410,-2.3870422999969554
411,-2.736531785924734
412,4.1005655137435815
413,3.018985303653432
414,-0.3070069905947381
415,1.3717744877498328
416,3.9491862505707243
417,-1.5409086763081392
418,1.349163468624015
419,-3.3546381527197133
420,-4.600546016652052
421,-3.436333828190141
422,4.12679762197421
423,-3.762209605894218
424,-4.26737261147403
425,1.0598388980186835
426,0.21592693854171063
427,0.9541321716803886
428,3.0792748772056955
429,-1.123930945520235
430,-2.8118415139931963
431,-0.7386939552725846
432,-5.922480147014298
433,-3.5266964055468253
434,1.0932684995546005
435,6.961809582019285
436,-0.2527643749455688
437,-3.4843217995027986
438,3.01936362660411
439,-4.045869943004366
440,-4.880482004463782
441,5.619548453013756
442,1.9167214782519038
443,4.993517859623342
444,-5.188388665095156
445,5.211721284556403
446,0.0
447,2.786382498877149
448,-4.819278146691419
449,0.9177183692338442
450,-2.6654076211647837
451,5.895611992208383
452,-1.886215248042955
453,2.7286854825278484
454,0.8753307922744868
455,3.4410580158185544
456,-3.124090326558837
457,2.0603123085318753
458,8.308952976099992
459,-0.891414983722616
460,-5.260289935717822
461,-5.897581519129735
462,2.8431682396996782
463,2.199767217280346
464,-1.1925533294772084
465,0.7948202768951251
466,2.2780337063692535
467,-7.081666218786498
468,0.6146304772966849
469,1.6493496430858068
470,-2.1935083203502237
471,0.4608341916890746
472,-3.761472235129071
473,-3.114075511976444
474,0.4263728077767315
475,-2.3187490932775057
476,-1.6716817203302758
477,-3.5022124855132897
478,0.3523621720467496
479,2.3876415593593325
480,-2.057614487686543
481,8.43837497366209
482,-1.6467556996745514
483,6.139208150978859
484,3.649849748369216
485,-0.8355678702524738
486,2.3171846776133043
487,-5.23529052734375
488,2.9795128743068
489,-3.4358028305099486
490,-2.340823903149558
491,0.7030978169301427
492,0.7933989152143939
493,0.40931725387201023
494,-3.7315730620404497
495,4.918561185692383
496,0.34151075280406396
497,3.4962904665379435
498,0.35874119326693155
499,-1.6085818303138044
500,-1.150460997461955
501,2.35833570315791
502,-0.5086719876103429
503,5.203006142064148
504,-0.08575980471541289
505,2.0886967848378735
506,-0.8968601235628371
507,-0.16968713873113384
508,2.1246459382712857
509,1.692096042333513
510,0.5182723063278827
511,-2.5237458444642757
512,-2.8117994794509715
513,4.669152320938963
514,1.06732178400879
515,1.1643658316339511
516,0.8029958034246443
517,0.0
518,-0.15932388086596916
519,-0.29254468116536314
520,-0.7468727166127787
521,-0.5374919856499294
522,0.7835745168316199
523,0.8042875152728612
524,-0.1329766997064108
525,1.9440733876656013
526,-0.36572464501789526
527,-0.7079194076677231
528,1.135464265391728
529,-1.1488215025425519
530,-0.6603275118058138
531,1.834614771367682
532,-0.9921699104044168
533,-1.371299230421008
534,1.6042739295235808
535,1.236845317639812
536,-0.02599983341068368
537,-1.014038998783784
538,1.103236109822392
539,-0.5456037672438185
540,2.037624396205562
541,0.3840187043214094
542,0.07651771153960318
543,2.8797074543400525
544,0.6440479145643829
545,-0.5660830327095967
546,-2.67327175807871
547,1.6022407756991042
548,1.2265277957743903
549,1.4589519599988776
550,-1.1942429401601062
551,7.030089811935625
552,0.4378945473126228
553,2.569983673306475
554,-0.2908301250478251
555,0.9647752033207224
556,0.8444468180338616
557,-0.572944314920143
558,-1.0416609422251755
559,1.1422134470423506
560,2.23648876205893
561,-0.6064517877438558
562,0.8280694555880874
563,-1.296741480186614
564,0.6787856048170671
565,0.32623211694711163
566,-1.5391347988948367
567,-2.2236863986132005
568,-0.1576214705353074
569,-1.0148866968670678
570,-2.118934422667418
571,2.4441323543697546
572,1.8859392472382552
573,-3.63514955969767
574,0.27771985448885594
575,1.31548504670429
576,-1.3895229821164534
577,-0.16169945332367153
578,-1.156871785927882
579,0.3043006781445756
580,1.0035013313605567
581,-0.27726186522484264
582,1.4828530859849254
583,-1.0502262385507888
584,-0.8306428451409831
585,1.8846007024616807
586,-1.3473398955300864
587,-0.4398204584506571
588,-2.9295474789692744
589,0.07185336358532801
590,-0.9573904329069793
591,-1.7883075383412605
592,0.24606862775651273
593,-9.278356500392748
594,-3.165579539845942
595,1.257336550511856
596,-2.152324938929584
597,-4.3147174811034805
598,-1.2967834445962723
599,-2.926256517818304
600,4.613965172082057
601,0.7350779545370223
602,-0.8464597636824944
603,-1.3835772852921813
604,0.3880628898962124
605,-1.992274642767733
606,0.5764637338711465
607,-3.680244840262581
608,-2.9126222871505236
609,3.193547648768269
610,3.3760548028547444
611,-0.7862059991911474
612,2.6516272339841773
613,-2.5534459695934153
614,2.8945788292900954
615,1.569436695625015
616,1.0204148589023632
617,1.09667312174333
618,-1.1704249548944445
619,2.195269092081098
620,3.024306564502943
621,-2.5788818154484083
622,1.3517414238865877
623,-1.8616336548921253
624,1.1041885419539987
625,2.99635878537301
626,-2.4469759136812153
627,-0.41806444095177087
628,1.5393205824433265
629,-1.1025295607504204
630,-4.180601882236212
631,-1.396159183605994
632,0.17698394068788037
633,0.8539485375308464
634,0.9927011754391035
635,-1.5900527164912415
636,5.963568521441753
637,-2.716938038613159
638,-0.28497712649260265
639,-0.08574619192603938
640,-1.4302059871107775
641,-1.6250655063020036
642,1.5929117301598072
643,0.8420468266292058
644,1.2669122732751115
645,1.8197419325168385
646,3.015911686512651
647,-2.0330713266708655
648,-0.3873807194599399
649,0.0
650,-2.3055606418185715
651,2.615871571056627
652,0.5818760974917847
653,1.9559203840086692
654,0.4053000072459678
655,-0.6458602783969369
656,0.13543622491258844
657,0.054099153646958165
658,0.29736899341188394
659,-0.08085924671344946
660,0.08092468180156409
661,-0.32344726905708665
662,1.0546224837104212
663,1.7928873502613962
664,-0.5520480531506444
665,-1.5860487966612213
666,-0.16116404520216676
667,0.1614242029776225
668,-0.2685964957040876
669,0.45784584986532373
670,-1.072379944673596
671,0.6504006879273883
672,-0.35002980681649865
673,0.27020344056643
674,4.257607088038395
675,1.5766364228569918
676,-1.374048157787533
677,2.1671831500602146
678,0.8080800685720702
679,3.7074234088640967
680,0.4106235813519099
681,-0.9141233363120449
682,0.16994342597240752
683,0.1938968354560977
684,-0.21770718978155745
685,-0.8969671075994334
686,0.8561606286113355
687,-1.6492852600669683
688,-0.7644822797195694
689,1.0934359054573184
690,-0.49164395633990443
691,1.2104784683990344
692,-0.12204796257742068
693,-0.14662160625237286
694,2.349483774186356
695,-0.26303350347747223
696,-0.1198735031359921
697,-0.672104609511337
698,0.9424827926090673
699,0.7900359414434455
700,-1.1401414718135494
701,1.8260503501556613
702,1.0618233874420957
703,1.1440528667319594
704,-0.7156079766271417
705,-1.6042749445157045
706,-0.5434771831164698
707,-1.8056505554240876
708,0.9194222999826751
709,-0.09590246081361276
710,-1.223898113615185
711,1.263363604692458
712,2.7831090185190366
713,-0.9803967837222483
714,-0.35360140890211555
715,1.443105284470203
716,-5.597018344440996
717,-0.19762356043001583
718,0.5445480141007764
719,-0.09846652358890262
720,-1.330706976740692
721,-1.8731268302972337
722,0.2545137994170332
723,0.35541861339867253
724,2.681511272512793
725,0.2710042127076706
726,0.07370707305782709
727,0.8838708922111582
728,-0.511071023832621
729,-0.31800651839177796
730,0.19632351179064145
731,0.9551784769987748
732,-0.3396394602194319
733,-0.6572552232934958
734,-0.5880952472201328
735,1.5528742244373506
736,0.6553409047665548
737,2.6284063672603164
738,-0.5874059960836564
739,0.7799527431963993
740,0.30488055810524717
741,0.023376949792353052
742,0.07013229277756938
743,1.5650505663457492
744,0.8969627271260494
745,-0.7750174626532269
746,2.2972663175805152
747,-1.1902061392898289
748,-0.18182234330610392
749,0.0910767695696979
750,-0.7506779418336773
751,-0.8938789367425648
752,1.6882504946799326
753,1.5692485957541802
754,-0.20152295766993067
755,1.7724947743696928
756,0.11022759344747612
757,0.1981945670343821
758,-0.06593138307005031
759,1.4954921638888452
760,-0.02167310054119742
761,-0.5634987537332603
762,1.0244058305667547
763,1.0140263995165988
764,-0.8116212528665234
765,0.04306730911953771
766,0.17219507669217204
767,-0.6660966205258245
768,0.30283234054659935
769,1.7036897427748832
770,-1.102630321132636
771,1.029158551710574
772,0.02122694494310906
773,-0.16974714458219964
774,1.700317215797953
775,-0.35527309167471266
776,2.328021399427449
777,-0.36892867759404924
778,-0.7817343413781264
779,0.8293624915517883
780,0.06168780308035693
781,0.9864355605045505
782,-0.936099084627906
783,1.1092870011135236
784,-0.6907764001535144
785,1.1661204631111088
786,-1.6986858233123292
787,-0.7405896026154379
788,1.3678753314240621
789,-2.473929847163303
790,-0.2096484008781374
791,3.5294125189712977
792,-0.7305207371531064
793,-0.020438106924436372
794,0.38846580924500884
795,0.794303903189042
796,1.091123626017243
797,1.1992850358945928
798,-0.8492994195225867
799,0.5577664841463159
800,-0.3961980284332478
801,-0.2386613659469239
802,1.6746414576219948
803,-1.921567729875151
804,-1.0195964245564348
805,-0.6261312242035078
806,-0.16260534515062375
807,-1.5675905425638126
808,0.8893491597645742
809,-0.533001902500152
810,0.24731848877295182
811,-1.7886491422734685
812,-0.6489457197412118
813,0.7796096791394147
814,0.9408256972928131
815,-2.961889687928043
816,1.3660687837572238
817,0.8843928281766056
818,1.3984595820840218
819,0.20584287845204496
820,1.1709114446402547
821,0.12183019957565655
822,-0.6084020348868013
823,-2.2036279398991776
824,1.168373398133582
825,-3.505878952556074
826,-0.3205845756440784
827,1.2650089200447967
828,0.2540735402240646
829,1.7317839941903834
830,1.1417958743299206
831,0.5747101237302266
832,-0.24489577935666862
833,0.08182712756970023
834,0.1839741536315609
835,-2.0403999882624646
836,0.14581027279496617
837,-1.060736515823213
838,1.2823220817004488
839,1.9925261070816713
840,1.2616991037557312
841,-1.446940173416944
842,-0.1631358677837147
843,1.450161555860463
844,1.1274439177272555
845,1.71212545926549
846,-0.23487753283689683
847,2.6093741112511504
848,-0.01911724986435326
849,1.3960595323293523
850,1.1505103830345975
851,-0.5221006683153173
852,0.5810710068555824
853,1.7517678519977098
854,0.1282045728580039
855,1.7377003745339348
856,-1.8518496926946515
857,-0.18318093761051646
858,-0.8258409783042486
859,-1.868989857733816
860,0.8862931011166086
861,1.4392531920816243
862,0.1658377590358251
863,-1.6004395182421916
864,-0.579550128179962
865,1.8615980783911024
866,-1.919876566335732
867,1.3551616629609908
868,0.482826636207645
869,-1.0349313749293931
870,-1.9981320449463214
871,-0.9908545394425428
872,-2.0015414431331813
873,2.278090541678046
874,0.8064480686997166
875,1.2380981445312411
876,-0.6773294449978096
877,-0.5682879936687146
878,0.5905840134901696
879,-0.05681587070140992
880,2.311921944513906
881,1.3150566075196712
882,0.3473466618993504
883,-0.10930508154654017
884,0.5653794423515324
885,-0.30830281252637315
886,-0.14553725537221895
887,0.21861711280579676
888,0.4726452357092459
889,1.9902270038186343
890,-0.372536967272985
891,0.7122534312067552
892,0.19447806397374645
893,-0.07057896968840627
894,-0.2295621855257779
895,-0.7964615273264641
896,-0.642284772973789
897,-0.646429887828448
898,0.7229309559811714
899,1.4534386864244242
900,-0.08843161699846336
901,-0.6903933311341537
902,-1.0873383462491337
903,-0.3424084261291038
904,-0.8499049050454288
905,-0.5653863996689434
906,-0.7887019471118695
907,0.36975552297144887
908,-0.25787324974679837
909,-1.5881820611594266
910,0.0
911,-2.7397242623188767
912,0.5595158992572458
913,-0.9401340633370059
914,1.123374015801848
915,0.21068878046441863
916,-0.9938846727766903
917,-2.3166038235786446
918,-0.039519058635217874
919,0.2372458037577463
920,-0.3353096273853384
921,1.1874179760799741
922,1.4472870101913449
923,0.4626984449757954
924,0.863559312355977
925,0.5707747892354398
926,1.5323449664038202
927,-0.7639274481088809
928,-1.915127065736344
929,0.6699817436364386
930,1.045824748934665
931,-0.0940896455303486
932,0.6027494705302283
933,-1.2357233650958088
934,0.09478528352711013
935,-2.537879113542374
936,-2.2153117177035053
937,2.7424504699613106
938,0.3675021738978046
939,0.6745081767878691
940,-1.0528388860763016
941,0.5223456470052179
942,0.2501945157926011
943,-0.28796606918699563
944,1.4054670033451622
945,-1.5948288723994897
946,-1.852214673461039
947,-0.2358933249545503
948,3.4876856310614324
949,-0.019044432869941286
950,0.38088129752889
951,-0.7588649556616534
952,3.230737110192239
953,0.3888871934678795
954,0.16602131360978767
955,-0.05524637148871525
956,-1.1977179296041807
957,-1.622526947436076
958,-0.511849209030657
959,0.5525932127608879
960,-0.17055173736434392
961,0.09491123153169134
962,-0.24654099989344092
963,-2.015204542477811
964,1.8820283057341403
965,-0.8950626947804019
966,-0.17294417948604535
967,0.28873476223054695
968,-0.8637177762408355
969,4.472405596031481
970,0.25945031879870406
971,-0.24029067852959773
972,0.31498640930194277
973,0.48024037525236096
974,0.8639657956301283
975,1.5855709194783296
976,0.7355576517151352
977,-0.08905262760280364
978,1.996439887781265
979,0.4194300221068481
980,0.33066906445111677
981,-0.8326163820101873
982,0.5422448543288771
983,-0.4523283291645752
984,-0.41943668882684637
985,-0.21059833774799142
986,0.5803693507125063
987,-2.395521882815621
988,0.42995643099053016
989,0.8027059172649009
990,0.3362280075203117
991,-1.111112979961404
992,0.428039378942513
993,-0.24862937476700653
994,0.4450774579839889
995,-1.2406894203471963
996,2.727926102770617
997,-0.017474032035591502
998,0.8212497369605165
999,0.9358767909656285
1000,0.01716744719273411
1001,-0.08583560010394509
1002,-0.10309514176024548
1003,-0.3267950270099518
1004,0.9145794172893629
1005,-0.4616970928131847
1006,0.773064370412424
1007,0.5796115810983826
1008,-1.1525428901284385
1009,0.9430713990716155
1010,-0.18685342678337324
1011,-0.45949055612457546
1012,-1.3506597586886104
1013,0.06932567590716143
1014,3.0308277608738443
1015,-0.8404773674447252
1016,-1.4917800357284294
1017,0.10324824980825209
1018,-0.9970741526807547
1019,-1.9447802203807374
1020,-2.443777294641347
1021,0.0
1022,1.1798902234135822
1023,-0.3767543825730635
1024,0.8463915559788537
1025,-1.1428560529436416
1026,-1.896674901524864
1027,1.1784190268188555
1028,0.4731543547285222
1029,2.30030878250973
1030,0.2478742754658647
1031,0.2119440989859278
1032,1.2160708605880144
1033,0.15671278445001935
1034,0.8866451972782796
1035,0.20679432897876548
1036,0.5846950020054198
1037,-2.1029292556618673
1038,0.5588604940652608
1039,0.052099302436459105
1040,0.729036911118941
1041,-1.723246632837716
1042,-0.4909675351396303
1043,-0.10572929214275328
1044,0.22931922960742757
1045,-1.0735667258497505
1046,1.867993691803127
1047,1.5717805662953666
1048,1.2723550213346924
1049,0.8488964126432297
1050,-0.33670161246093233
1051,-1.7060846675913455
1052,-0.46399804800776323
1053,-0.8632596957989569
1054,-1.0797613229811653
1055,1.3732440219562658
1056,0.8336219641755127
1057,0.41336179485509383
1058,3.104633614026575
1059,0.09981293958498672
1060,1.4957645891094717
1061,-0.22924413025714463
1062,-1.6904624555030279
1063,0.03338337655596213
1064,0.2002716125652837
1065,1.1159196514469727
1066,-0.0658885128159592
1067,-0.31316735197503
1068,0.2976195544612592
1069,-1.401250372995766
1070,-1.354290845498518
1071,-0.2542398743710317
1072,0.713682233700097
1073,-3.155051320131752
1074,-3.658540475598371
1075,-0.6148284941747906
1076,-0.2911205423533403
1077,0.8394143994103542
1078,-0.07237984445339629
1079,-0.3440826461536095
1080,1.4174134313947873
1081,0.4300266222254434
1082,0.24977589929362498
1083,-0.872037507999901
1084,-0.3770180998137085
1085,1.09929136277358
1086,-0.21390184518476074
1087,-0.4644485953184674
1088,-0.25125518051213325
1089,-2.4469243712613165
1090,-1.6230192702010093
1091,1.3310818943411906
1092,0.5735455646009635
1093,-0.6438599795595135
1094,1.1849717167840446
1095,-0.054899530020935394
1096,-0.47601304763378316
1097,-1.563653935383691
1098,-0.37375622223053684
1099,0.9754275827578596
1100,-0.20434814529042278
1101,0.7445973605590517
1102,0.7945312521476122
1103,-0.03666445104197891
1104,1.1186514285842275
1105,0.5622077923874924
1106,0.4869259766433265
1107,-0.26920589122882976
1108,-0.3958992656313054
1109,0.4516711958300945
1110,0.14388818929900182
1111,1.7061795217898856
1112,0.6003887447908252
1113,0.7898840417764674
1114,0.8359515364686931
1115,-1.0880847176379604
1116,-0.40160562318477533
1117,0.0
1118,-0.29803993848868116
1119,0.9671166650087271
1120,0.626960330601789
1121,-0.8307365046333559
1122,0.4363001803293409
1123,1.1120754094403162
1124,-1.3232522356689702
1125,0.19157195029493312
1126,-0.24335023921262522
1127,0.24394387722137534
1128,0.15644038675051153
1129,-0.08677410272022179
1130,-1.042206839155213
1131,0.14042130005844644
1132,-0.6660842650255128
1133,-1.6057876774571378
1134,0.466287919757824
1135,-0.8211336678218606
1136,0.4319615871804183
1137,0.8781392207284355
1138,3.5174977971800914
1139,0.7551031804571728
1140,-1.4477916664555002
1141,0.6394727410676371
1142,0.01717694712193296
1143,0.738318128581894
1144,0.5624711800815474
1145,0.28813248973782457
1146,-0.2704070514845558
1147,0.30503357108231377
1148,-0.9292097479663863
1149,0.46043734749992016
1150,-2.104908643148251
1151,-2.063462223846202
1152,0.3009950159710062
1153,-1.0414830303550282
1154,0.30324324791455304
1155,-0.5690906943434326
1156,0.7690937334096315
1157,-0.03549956994942649
1158,0.05326487830152882
1159,0.6566153622026283
1160,0.45838913247113755
1161,-0.4036496035171755
1162,0.8458141713415523
1163,0.5766238575821481
1164,0.1389819569993067
1165,1.4920205056525582
1166,-0.017091147920000882
1167,1.453237219574266
1168,0.6740841335529657
1169,-0.25109059535392
1170,-0.7215980937652411
1171,0.49019762724022975
1172,0.3700545049328374
1173,0.05028086964105061
1174,0.016747607044265145
1175,0.3349535521789404
1176,-0.03338417261661286
1177,-1.3858708045017654
1178,0.2709106733689737
1179,0.9118491889549274
1180,0.4518080076089781
1181,-0.14992529471603566
1182,0.0834218433490852
1183,0.5334217134037589
1184,1.6746779945863155
1185,-0.342464262096831
1186,-0.3272799229944279
1187,0.04925099223778151
1188,1.1322652723261273
1189,-2.4014270916539293
1190,0.6816289892124239
1191,-0.3797878748691086
1192,-0.14917976107463593
1193,-0.7802144880602269
1194,-1.5559650293678118
1195,2.481303672138835
1196,-0.19900320630686918
1197,-1.5121300146185734
1198,1.9065312289317182
1199,-2.1854299031079605
1200,-0.9478695936611437
1201,-0.6151753375521429
1202,-0.2922939638777766
1203,-4.242115585389583
1204,-0.8103672935969142
1205,2.033403948169976
1206,0.7651250877906302
1207,2.295601646725909
1208,-0.8285854301876117
1209,1.0617939116635666
1210,1.1712027025349014
1211,-0.17024563493504008
1212,1.6882702741664035
1213,-0.5701830395735019
1214,0.16865993013486236
1215,1.8353260882132183
1216,0.6613781893294535
1217,-1.0348243381440803
1218,1.4937784661890552
1219,0.1308225909423255
1220,0.3919674673543705
1221,0.7483310156787937
1222,-0.904248943212449
1223,-1.3198591701016227
1224,-0.5449171459236957
1225,0.08301384267068723
1226,0.16589630199645988
1227,0.24842283625075012
1228,0.1156446328034022
1229,-0.7920784724793517
1230,0.5489052510273318
1231,0.8436696693077117
1232,-1.0826769313062923
1233,0.06633651083491898
1234,-0.29831008405799553
1235,-0.265957193846289
1236,1.8000030517578036
1237,0.7531091530498024
1238,-0.2599932483454692
1239,2.150537099794736
1240,-0.047851026521639195
1241,-0.3510410282968168
1242,-2.8342681123137314
1243,0.7580736357270856
1244,-1.7991470152146194
1245,-1.4656912969627456
1246,-1.2339410820134789
1247,2.2933427102330484
1248,2.860965486659195
1249,0.731946594486077
1250,0.01614455269487447
1251,0.8718129278331821
1252,0.0
1253,0.11203536385575585
1254,0.6554753835539495
1255,0.3017827893410985
1256,-0.9026123215383208
1257,-0.14381615524854396
1258,-3.1045005429640615
1259,-2.5928979597133917
1260,0.1525943595903856
1261,2.2346363664191404
1262,-1.7386972142287016
1263,-0.8594511631644486
1264,0.016995276596998288
1265,-3.4500319069213914
1266,-3.2036607126010086
1267,1.7093991598786884
1268,-0.3933510093021897
1269,0.3231023301631053
1270,3.041690430317523
1271,-1.5801351710383993
1272,0.15878643631495049
1273,-1.0040508899560319
1274,-2.580072496895125
1275,1.6803619524115243
1276,-2.3172213818208554
1277,2.0044136285002567
1278,2.2534702947391683
1279,-0.5994360812245358
1280,0.6917335620076681
1281,1.9728710989143527
1282,-0.12091845839047322
1283,1.1068823815745032
1284,-0.15395168319767283
1285,2.0558519528838914
1286,0.167867172458247
1287,0.7206306659475858
1288,-1.2146415320637094
1289,-0.23580830750740134
1290,0.962349652590766
1291,-0.7525096466231562
1292,2.4768344709294343
1293,0.5261422170830032
1294,0.719663797511827
1295,-0.48717610074269224
1296,0.7996111100321057
1297,0.3237830038162359
1298,0.25818919519184913
1299,-0.20924040862756454
1300,-1.7903235650831628
1301,1.0018075488029465
1302,-2.504066529312754
1303,0.4669823186616018
1304,1.8758254016149722
1305,-0.6028987099957916
1306,1.3934401215099923
1307,-0.3880321256110486
1308,0.22723484541715688
1309,-0.8906870235798281
1310,0.8986915526210337
1311,-0.987855239435731
1312,-1.1122020149887502
1313,-1.4058856880455828
1314,-0.11742944825949841
1315,0.016792612326943512
1316,2.3677579604981958
1317,-0.6233550838663948
1318,-1.0399489090016534
1319,0.9507918057885867
1320,-0.08261605532445815
1321,0.6284062274631852
1322,0.3286783368195323
1323,0.6879639457679332
1324,0.37416550783939684
1325,0.5996741123332594
1326,1.5627537062546715
1327,1.855961535459194
1328,-0.6229523701681061
1329,-1.5201397897307345
1330,0.636539664079594
1331,-1.4705886788305533
1332,1.0110692337233829
1333,-0.22243309930582988
1334,-0.31847255632039273
1335,-0.41533279212568885
1336,0.6737217964666309
1337,1.3384324012954751
1338,-0.5345914477124403
1339,0.5532758427203799
1340,1.745009589216906
1341,-0.49443709639772626
1342,-0.745346809876557
1343,0.9073871208846063
1344,1.5348804089450052
1345,-0.0610794271371784
1346,-0.13750396040781432
1347,0.24479196943199
1348,0.8089231316337209
1349,-0.2573895389628156
1350,0.8196735550096479
1351,0.8882926581606165
1352,-0.7909248804669367
1353,0.2557132376070914
1354,-0.27006796857445003
1355,-1.1132809540840616
1356,1.1258144317308538
1357,-0.406204705133717
1358,-0.6344383509166662
1359,0.45607032126038227
1360,-0.09080688003262338
1361,1.0299914264645604
1362,-0.5547153435023544
1363,1.6432930918152122
1364,-0.7861150900193903
1365,0.4335489881499788
1366,1.6076240341598824
1367,0.3808885125978323
1368,-0.3940406542529029
1369,-0.38095551096039015
1370,0.5589129206532872
1371,-0.33640975236773896
1372,0.9392418482258913
1373,-1.017733295530221
1374,1.292592875660814
1375,1.14559299016177
1376,-1.046599794886871
1377,-0.536069451148935
1378,0.436992593875174
1379,-2.538071178326007
1380,0.833341091398565
1381,0.45749343096315176
1382,-0.8079962600611501
1383,-0.28139043462352964
1384,-0.7871658471460541
1385,-2.050902221547102
1386,1.0392790799391038
1387,1.4218763163330816
1388,1.5510711988036885
1389,1.3952190170820389
1390,0.2172675606746166
1391,0.5347522823125006
1392,-0.5031605612496937
1393,0.07224830576399999
1394,-0.23101885240294218
1395,1.4182393322347497
1396,-0.6278573486156347
1397,-1.048242007376543
1398,-1.306053516252792
1399,0.05881622448300483
1400,1.307860910706382
1401,0.14505145137770903
1402,-0.7387052860188592
1403,0.0
1404,-0.10214460246767976
1405,0.3943971312762917
1406,-0.6983898348452033
1407,-0.29303582160027375
1408,1.2343810436742153
1409,-0.9580433133434152
1410,-1.450982624147057
1411,0.46104282843131283
1412,0.5033254219546368
1413,0.26513522874360707
1414,0.20566973744100547
1415,-0.894297930712662
1416,-2.4556154884387005
1417,-3.5486865038630633
1418,-5.267293324675492
1419,-0.5643156059550014
1420,5.007511279654242
1421,2.495634260577839
1422,-0.542813407713616
1423,-0.04677807669059009
1424,-4.1341618943275265
1425,1.8226182554585746
1426,0.17580407685484634
1427,-1.8825786525695665
1428,2.6991867437595296
1429,-1.5516142251486786
1430,0.7719516562890272
1431,-0.15958901111491341
1432,-0.28772426666319184
1433,1.9236946816161948
1434,0.8807762542721864
1435,-2.3230400342192703
1436,-2.729453882716293
1437,0.8368922673505752
1438,-0.8787647010950361
1439,-0.44327771866697896
1440,-0.6926091246250987
1441,2.075722309301886
1442,-2.423949323047947
1443,-0.23341012123525573
1444,1.8883707640939384
1445,0.7380628821266777
1446,-0.9931566490386512
1447,1.9898027580116384
1448,0.04836952446864995
1449,0.1289312361617334
1450,0.0
1451,-0.32190690407389866
1452,-0.3390910438201722
1453,-0.275440667984872
1454,-2.5345208414794596
1455,3.1671906284737483
1456,0.8725172416428562
1457,-0.33637527382046617
1458,0.4821588414895883
1459,-0.7357630855799768
1460,1.8208140967014064
1461,1.076120145519921
1462,0.04697447079362593
1463,-0.4068890923659363
1464,2.922691119092158
1465,-0.44274948935472125
1466,-1.4721654622768532
1467,2.0077835261125943
1468,0.3661853225770617
1469,0.10641486184741478
1470,0.8959817478462417
1471,3.0403319819981123
1472,-1.5629560460612146
1473,0.43033227207878166
1474,-0.4875913557427225
1475,-2.0044521228011924
1476,-0.6666703657670414
1477,1.4490613377275752
1478,-0.5713499783598697
1479,1.9960679716435337
1480,0.3113517025483903
1481,-0.17736142489929163
1482,-0.9772041059561754
1483,-0.14951925572332936
1484,0.11979909032207026
1485,0.463651743589355
1486,-0.7294891724384023
1487,1.3947215070777341
1488,-1.405113059704266
1489,-1.2901298576441622
1490,3.1762860804833926
1491,-1.3109432871553972
1492,-1.552240172428876
1493,-0.7580351833535781
1494,0.2291499052502921
1495,-2.3472045438212796
1496,0.3121538148818548
1497,2.847365686383796
1498,2.1633893164697104
1499,-1.8510292056797994
1500,-2.8364473265578893
1501,1.7701853457104955
1502,0.21360907490508563
1503,1.598664809499195
1504,-0.19482223328705084
1505,-0.33033217078617394
1506,1.0394734407294992
1507,-0.7156752036941438
1508,-0.8409634921020426
1509,-3.6498559623898474
1510,0.172902565542854
1511,-1.4435872831531915
1512,-4.043943416641027
1513,-2.239924138982574
1514,-0.1527432801891382
1515,0.2209710171202861
1516,-2.7476237398914694
1517,1.499826662125936
1518,-1.9931268594600704
1519,-0.05259921723804739
1520,-2.6311174252980796
1521,-0.46838106538429347
1522,3.0769244578089605
1523,-2.2651464411688305
1524,2.551207307825032
1525,-0.0700786864824221
1526,0.4207536113559174
1527,3.875700537733806
1528,-1.07562922629989
1529,-3.1090754537519527
1530,0.6663178612116294
1531,1.7244411794079095
1532,-1.1130162823555279
1533,-2.0952365099093595
1534,-0.6013444412494073
1535,-1.2099649394029965
1536,-4.41282554527943
1537,8.328626359637337
1538,1.4959067151608885
1539,0.719797762854868
1540,-1.6334849021527265
1541,0.017295141490558663
1542,1.2971290279462533
1543,-4.1830301787690765
1544,0.035638735111076514
1545,1.549695299863485
1546,0.9296660403407708
1547,-2.1550254757333187
1548,5.150979689480928
1549,0.9459418097580885
1550,0.33467330749135105
1551,0.15010032348581337
1552,-0.18318170149730362
1553,-1.9352683917066682
1554,0.5784283083511088
1555,-0.8626494092477843
1556,1.2455204481048865
1557,-0.3707469163084065
1558,0.13532109692164784
1559,-0.47297734862433716
1560,-0.288523717291822
1561,2.9446800718916144
1562,-0.03306954020345643
1563,-0.36387265851342
1564,-0.4980130202503763
1565,-0.7674325909438395
1566,-0.1344956573185896
1567,-0.6229002307699072
1568,1.151957173026874
1569,-0.8206294946953907
1570,1.0975982738656187
1571,-1.1190883262042206
1572,-1.4189191583824257
1573,0.7710773787408698
1574,-2.53358551891395
1575,0.7327320060689146
1576,0.7966731401121585
1577,1.8556666704464098
1578,4.2341467407503774
1579,1.2947066276212338
1580,-1.1503454528644097
1581,0.6465193676813863
1582,1.6862039976581311
1583,1.4529345757727574
1584,-0.9962630929808758
1585,0.5817653387721222
1586,-0.5784004056924807
1587,0.518870815993755
1588,0.28155843002741765
1589,-0.7955110456637882
1590,-0.628927233928156
1591,0.9335445339644144
1592,-1.9282011672411392
1593,-1.582483466647533
1594,-0.5359720935408152
1595,0.5878458291761923
1596,-0.6331159079691839
1597,1.3559905954405371
1598,-0.3707278188946006
1599,-0.06471592725870723
1600,-0.9227775467056443
1601,0.7516324815982856
1602,0.0
1603,3.859878485249668
1604,-1.0149929990417972
1605,0.1893026235055606
1606,-0.0787265601983056
1607,1.7018623489374551
1608,1.518431536469489
1609,-0.7478600257550316
1610,0.6151030807127311
1611,-0.24454174134661555
1612,0.6434898421041391
1613,0.18266876652126562
1614,-1.7778425958815847
1615,0.9900980750178201
1616,-0.3370116801731604
1617,0.29204188216442883
1618,-0.7662835249042099
1619,-1.4054051697484304
1620,-0.892856662690833
1621,-1.8808260124849818
1622,-0.17719169959259373
1623,0.40342100221950616
1624,0.09642808970853345
1625,0.14450891835566804
1626,0.9299372149871532
1627,-0.38125762598575363
1628,2.136826641442169
1629,-6.947703927571613
1630,-3.3389226757004176
1631,3.31539633254041
1632,2.822581136181168
1633,1.535945449331133
1634,-1.4161587974875767
1635,-2.791379581007236
1636,1.0747261088966287
1637,0.6479535026482575
1638,2.0633871941535986
1639,0.7116264170770048
1640,1.4934965446267823
1641,-0.06329258709566465
1642,1.5199539288935915
1643,0.09357073615681166
1644,-0.34278781498444655
1645,-0.1563453338844223
1646,0.10961430340616918
1647,-0.3754132290335166
1648,0.5495404245017266
1649,-0.26546218178045144
1650,0.40707425376738104
1651,0.31187367254419396
1652,-0.3575366864400742
1653,-0.2028038323128034
1654,-0.2657526659348597
1655,-0.23510613319022156
1656,1.5868061461393967
1657,-0.15466454972415944
1658,2.695175896784785
1659,-0.3016660157324269
1660,-0.3479511843394456
1661,-0.8957096442747225
1662,0.27573576676118705
1663,-0.213870136887373
1664,0.6123722102690188
1665,-0.015219318388137726
1666,0.273931376782377
1667,0.09105715457506935
1668,-0.13646147392736285
1669,-0.0910986304854644
1670,-0.04560244270476188
1671,0.273681487552202
1672,0.18196020035634586
1673,0.22703424636258962
1674,1.1023795138663361
1675,0.8215131842097101
1676,0.0
1677,-0.4296309859664338
1678,0.4166028613465045
1679,-0.07407826929287653
1680,-0.41518204205307496
1681,0.1340028781764424
1682,-0.8921910395852661
1683,0.6151478219481366
1684,-0.7903352200897218
1685,-0.19539644641992648
1686,0.3614425576119906
1687,-1.2304917502019008
1688,0.5621433429011891
1689,0.4079115170080527
1690,0.5717683699257625
1691,0.822865173387255
1692,-0.2077450525544089
1693,-2.185875421119887
1694,0.8817297686500414
1695,0.5274238560909472
1696,-1.5889635334149999
1697,1.4318275554665139
1698,-0.12012945796580077
1699,0.13531248684415242
1700,1.6366426310185256
1701,0.2659185975530054
1702,0.35361404752796144
1703,0.7781511885881942
1704,-0.4807719026647561
1705,-0.2635050674996475
1706,-0.5724341778523545
1707,-0.32477299622235556
1708,-0.5183626947899644
1709,0.7890409315835178
1710,0.9601204655531159
1711,-0.13166984623225186
1712,0.336940697833632
1713,0.5548326685136606
1714,-0.10164032529778044
1715,0.4796427136956716
1716,0.14466383261815263
1717,-0.17333921820474885
1718,0.2170474960991875
1719,-0.418713408291449
1720,-0.4204739892628706
1721,-0.4368128282247641
1722,-0.9066907605886354
1723,3.1286821876499893
1724,0.21465588405067404
1725,4.598031239228106
1726,4.641640308367112
1727,0.05218645105158348
1728,3.677141224475511
1729,-0.18865742906395422
1730,-2.4697568918831347
1731,0.8010272673963703
1732,-0.3973309048088791
1733,0.43752923856756887
1734,0.6149848927241575
1735,0.4202239095687954
1736,-0.038040551692486435
1737,-0.6469645114603462
1738,0.7660858994624542
1739,1.5838824493179748
1740,2.020709471850224
1741,-0.23230521980612817
1742,2.03431825141005
1743,0.5164548332249774
1744,0.4540533424933546
1745,1.248962835219869
1746,0.43467470071523184
1747,-0.8889864613717879
1748,0.035405143524536165
1749,-0.03539261271922056
1750,1.4988747701524474
1751,-1.2325553006904078
1752,0.5768752645227915
1753,1.2876020955070233
1754,0.2542484962518632
1755,0.16138258172730957
1756,0.18414508370734328
1757,0.09189454205140724
1758,-0.7230543707990922
1759,-0.7052030177474689
1760,0.46571373701409513
1761,1.089352684474365
1762,-0.3668459045161554
1763,-0.9204959360812892
1764,0.01161553380510938
1765,0.06966739047873372
1766,0.2900905072113158
1767,0.7520554478581687
1768,-0.9646347607052852
1769,0.5333941278608423
1770,-3.6332110811547635
1771,0.4667856079033861
1772,-0.7624486192923108
1773,0.4441717930761646
1774,0.04780795554288897
1775,1.2065489753634528
1776,1.5462671620850132
1777,0.8369187852137916
1778,0.2074931471766961
1779,-1.0353175229717793
1780,-1.6273410969939617
1781,0.37811615882015204
1782,-0.4237794270562478
1783,3.0618324617718518
1784,-0.4702955502112305
1785,-0.05761832925836874
1786,-0.8763862148666868
1787,1.4425289401771568
1788,-0.2293543064696424
1789,1.3218408343435684
1790,1.5995416997252043
1791,1.1500656625442751
1792,-0.06622978366173093
1793,-0.33137681034840494
1794,0.8644561124655503
1795,0.05493398658362736
1796,0.07687205875355207
1797,-0.8778617869795613
1798,0.11070350060229384
1799,0.21010996435368856
1800,3.2884524798267645
1801,-1.559828107130068
1802,0.7163052599103104
1803,-0.9482810925358409
1804,-0.5548243222313731
1805,-0.2187994416628869
1806,0.39469423743569987
1807,-0.31669860925394033
1808,0.08764442607862577
1809,0.16418730831522232
1810,0.24041221240014288
1811,-0.0981183516749029
1812,-1.0475764850137015
1813,-0.7168080323019188
1814,-2.9323552431898103
1815,0.1602006987369453
1816,-0.1599444665838945
1817,-0.11442782334306623
1818,-0.05728382544777366
1819,1.5589186653526488
1820,-0.37246256968173075
1821,0.8609971282809159
1822,-1.3366308634421453
1823,-0.364298392719975
1824,-0.23994411851853137
1825,-1.2827799204047308
1826,0.33646700001486174
1827,-0.3469045329700049
1828,-0.34811214979746374
1829,-0.1746552180733829
1830,-0.38493155037069293
1831,-1.1709601664315783
1832,1.7298567038828594
1833,-0.8152771293572503
1834,-0.8219874912337222
1835,1.2905564516937584
1836,-1.2039817322604285
1837,3.525796823582872
1838,0.8685738699776735
1839,0.19261065582449888
1840,-0.9272867714512745
1841,-0.696268241184661
1842,0.06896271102729834
1843,-0.6432317646423713
1844,0.5780346820809301
1845,0.11494077485183496
1846,-0.11480881271289656
1847,0.11494077485183496
1848,-0.40183522417062134
1849,0.7838620232573756
1850,-0.30881464271300674
1851,-0.27536195855898393
1852,0.4832008488184325
1853,0.3091416118411239
1854,-3.812354690122577
1855,-0.36786231273602255
1856,0.9766551974342175
1857,-0.09436403893204881
1858,1.2514819671552324
1859,-0.05830579583986362
1860,-0.42002171764902174
1861,0.011718964744322768
1862,-1.7104019142844318
1863,-2.0858164102180776
1864,1.1077249127356081
1865,-0.5056563704435857
1866,0.1815120123266789
1867,0.20533659507839808
1868,1.1451357137424623
1869,1.2394151361507344
1870,2.366100304223795
1871,0.023003993412551438
1872,0.3334022475749876
1873,-0.20625680313931527
1874,-0.5970796474131568
1875,-0.4505017800892408
1876,2.193083526288797
1877,-0.6245067033764706
1878,-0.457031434902444
1879,-0.11479120794627429
1880,-0.1838612260249839
1881,0.4374824438726499
1882,0.9284791469770015
1883,2.01021758287272
1884,1.4807412999037428
1885,0.2742731714919566
1886,1.4770223759119405
1887,1.002695746820259
1888,-0.3202423684676714
1889,0.5033210907338326
1890,-0.7032456509808438
1891,-0.38630818856123517
1892,-0.34471581225065107
1893,0.6377649165133503
1894,-0.91299515365445
1895,-0.9322499841209364
1896,-0.3501473869803595
1897,0.14274432178937868
1898,0.0
1899,-0.33990961509535733
1900,0.4290894402765977
1901,1.6652106625637764
1902,-0.9375029288488324
1903,-0.413355000714144
1904,-0.2949254652763855
1905,0.5696804112785392
1906,1.3398645824070243
1907,0.08599573482150902
1908,-0.655139734027399
1909,1.2540580130912193
1910,0.38436148503233625
1911,-0.361621304009796
1912,-0.16012118423383015
1913,-1.4326914951133696
1914,-0.8352361992292279
1915,1.170421916708908
1916,0.2594934573547869
1917,-0.6901833234918331
1918,-1.5636821253941502
1919,0.09927891492085283
1920,-0.12122615488343591
1921,1.0261506491888506
1922,0.12014046885613361
1923,-0.16363208124260398
1924,0.4042862326853802
1925,-0.3155957312586666
1926,-0.5458515374771156
1927,0.2305149154665509
1928,-0.4599695325539832
1929,0.8911844691749549
1930,-2.3882168864714393
1931,0.6703144450917575
1932,-1.7534145159834535
1933,-0.12425235724422556
1934,1.5494263457960677
1935,1.2250790320805782
1936,0.28606242488331546
1937,-0.19747701828033426
1938,0.7145229385035812
1939,1.4188991305305043
1940,1.0977230871296317
1941,0.7025718709412487
1942,0.4545457844731482
1943,-0.21045664612358017
1944,-0.7487072348027146
1945,-0.4462449915887845
1946,1.5795127055885816
1947,0.21012497121342122
1948,0.13630204084309483
1949,1.3925182409305403
1950,0.5266441093729313
1951,-1.0169469741005743
1952,0.7575713189240441
1953,-0.17509339309653704
1954,-0.5262015233914341
1955,0.7468038211386974
1956,-0.29856987926264456
1957,-0.8777349300544302
1958,-0.1354279157318672
1959,2.0655077351681594
1960,-0.22485036748043363
1961,0.3790156799605926
1962,0.12246428125131104
1963,1.4269712742527307
1964,-0.1708429250228516
1965,1.59049918391434
1966,0.09908687667006255
1967,0.7127313845070704
1968,0.029485728255118637
1969,-0.3537319375371717
1970,-0.788879817442234
1971,0.308118036689331
1972,0.6638903895179515
1973,-0.17717559038252784
1974,-0.6212453013133001
1975,-2.014287362458167
1976,-1.1240512509889222
1977,-0.010243892147676625
1978,-0.12290804113824771
1979,0.35893597216019035
1980,-0.6029061553293524
1981,0.9458269045858225
1982,0.28516017143798145
1983,-0.3351293053353799
1984,0.8864914937769974
1985,-0.08080176682009332
1986,-0.29313748573006615
1987,-0.3244116958680765
1988,-0.3966633348850279
1989,3.5025020877024415
1990,2.3382031692095184
1991,0.7615860990715095
1992,0.2583278617803497
1993,2.061261583971219
1994,-1.1500661642228072
1995,-0.7472577623964693
1996,-0.29543272438021795
1997,1.252148273946152
1998,-0.29264378146008907
1999,1.164548092741713
2000,-1.2540911156074253
2001,-0.8056093800695829
2002,1.414098677386999
2003,0.7725642543240818
2004,-0.42071517585448026
2005,-0.3473877937855807
2006,1.5922389778825208
2007,-0.35241108815696753
2008,-0.4001864284676637
2009,0.18688524005825435
2010,0.5316169449121055
2011,-0.7885689460075396
2012,0.9444496762465615
2013,0.1018995956102664
2014,0.9069066991253649
2015,-0.6419704436530616
2016,0.14768660468693628
2017,0.5069152550763345
2018,1.1004098254565386
2019,0.5351440706490962
2020,1.6510302160927637
2021,-0.35502044233560737
2022,0.6413122314345321
2023,0.23896298572063657
2024,-0.22073105711166718
2025,1.1680379345829994
2026,-0.10496172890765987
2027,1.2783461134543872
2028,0.025934797070759075
2029,0.535871013773126
2030,-0.10316604788245254
2031,-0.9380347388271759
2032,0.4864890588345494
2033,1.0374380536291028
2034,-2.2161409313057434
2035,-4.7952360746190585
2036,3.0422770824915624
2037,0.6779075301871718
2038,-4.421020086592642
2039,2.0022281396943065
2040,1.5448899800966087
2041,0.6175071188452064
2042,2.3125486676721208
2043,0.4172853707966606
2044,-0.7185540781791344
2045,0.026158684353894124
2046,0.4184494470966804
2047,-0.1823066933082762
2048,2.0264342786868283
2049,1.2445649261423108
2050,-1.1871651701331865
2051,-1.5848675874900242
2052,-1.7922075279863336
2053,-0.09697664643887327
2054,1.5354728807407625
2055,0.0869164832588254
2056,-0.37339379255096894
2057,0.008711327938204505
2058,2.8760703444285385
2059,-0.3219224419439892
2060,-1.198371254652142
2061,-1.1182821950604827
2062,0.2522844047207151
2063,0.17355482588012894
2064,-0.7882914439223621
2065,0.09604523838644408
2066,0.08722825772287113
2067,-4.174656619058414
2068,-2.6739380569475557
2069,3.083819602360327
2070,-1.9399867981247376
2071,-0.1571583357890094
2072,1.824075204354747
2073,-1.9278009666720997
2074,1.3722794416995088
2075,1.5183353195950655
2076,0.8018735082244488
2077,-2.493744175920698
2078,1.2008481363687373
2079,1.9112324104967993
2080,-1.6798501055577009
2081,2.4859880055327244
2082,-2.7079470939827432
2083,-0.08159924278779984
2084,0.0
2085,-0.807548677108938
2086,2.195391083588283
2087,-0.22377371756926445
2088,-0.4844360900814748
2089,-0.4687610579968138
2090,-0.38040556508375234
2091,0.10000964859351313
2092,-0.6357828864155035
2093,-0.5667301078011167
2094,0.0
2095,-0.7905870748320276
2096,-0.6300966611501035
2097,1.10966287309886
2098,0.8669209985803006
2099,1.481206067939067
2100,2.180381876671622
2101,0.7759432369297992
2102,-0.37623615515901543
2103,0.03513166635598086
2104,-0.7638303203923669
2105,0.2742613128741578
2106,-0.3352719831445139
2107,-1.6200441270242893
2108,0.9178478337716012
2109,0.766830672002361
2110,-0.4601400430327307
2111,-1.1200947024302077
2112,-0.5124513868754565
2113,-4.27435676884328
2114,2.2845257830392596
2115,-1.2367294478649038
2116,1.2989434276236
2117,0.046121237693297346
2118,-0.5624717635010046
2119,2.3367992934320236
2120,0.3986973894280377
2121,0.27978118236056115
2122,-0.25200141999710546
2123,-0.5774604160198704
2124,-0.19965624451284691
2125,-1.7641196870706422
2126,-0.12033440237609883
2127,0.25949840161005877
2128,-0.5823601882425145
2129,-0.00929998693319778
2130,-0.02789546126230613
2131,-1.6370589724296503
2132,-0.9078005526928168
2133,0.06679997539140725
2134,-1.5449196425258327
2135,1.6369648163266026
2136,-0.6957050936914788
2137,0.844534461214641
2138,-1.3989352827253998
2139,0.10616794682325459
2140,0.3278020959208705
2141,3.094369879155545
2142,-0.6152088368985065
2143,-0.21572252017313387
2144,0.43237060542498096
2145,-0.45858481119979144
2146,3.967658138855268
2147,-0.07234746765234501
2148,0.932125592123878
2149,-1.4704558482904528
2150,1.264900716506312
2151,1.8601722839067136
2152,0.7057812638087135
2153,0.9023204253425732
2154,-0.28650966329252237
2155,1.0274273581655002
2156,0.6032962035690481
2157,-1.5248919365217106
2158,0.6176657091925719
2159,0.4236536817005643
2160,0.8092938438767794
2161,0.025626791040989083
2162,0.36714506069999153
2163,0.2041666163665301
2164,-0.7725644409850907
2165,-0.9839099277107022
2166,-1.5899109253546206
2167,0.6673124420962573
2168,-0.8286127910973273
2169,0.9410727559749255
2170,0.0
2171,-0.13069086074024572
2172,0.6107109854026405
2173,-0.3035019728124366
2174,-0.20874824843118978
2175,-0.04358323916565654
2176,1.7701419374736904
2177,-0.48838976891060204
2178,-0.32718895765022626
2179,-0.49239779224728997
2180,-0.5295603762677681
2181,0.4974687429876834
2182,-0.4863266874229444
2183,-0.42760963385030104
2184,0.19281439407996537
2185,-0.5335904583449569
2186,0.6331907717000762
2187,-1.1797592156958414
2188,0.38910046417321986
2189,-0.017615084265087955
2190,0.29955624483755106
2191,0.40408180662780957
2192,2.9046365758370385
2193,0.8586928101098845
2194,-0.6575055191400225
2195,-0.9588436725063709
2196,-0.28272946162045676
2197,-1.1770794344585944
2198,-0.4347070201641712
2199,-1.466992974521275
2200,0.5849022363781708
2201,0.41409799180891493
2202,0.9388432774973587
2203,0.19992674348807693
2204,-0.5638881889595937
2205,0.6107109854026405
2206,-0.6937244657257091
2207,-2.6632863358086234
2208,-2.9963254065747846
2209,-1.0912793259490128
2210,-0.570360568263284
2211,2.144072303187583
2212,1.1139744557875364
2213,-1.5842715689294185
2214,-0.16652112302658617
2215,-1.4363849496393466
2216,-1.04362599095692
2217,-1.8622319092376771
2218,1.5199919458885436
2219,-1.3732619044674044
2220,1.3827115939798684
2221,1.7644239399561945
2222,2.1743203010114343
2223,-0.0366843582501164
2224,-0.5505653193554005
2225,0.655101589283591
2226,0.46750586978736575
2227,1.7153329461554678
2228,0.807314199303355
2229,-0.9699202389484629
2230,-2.1026183377078844
2231,0.5874248807482552
2232,-2.0622270119143638
2233,2.5528722789760927
2234,-0.07268268490642216
2235,0.7637094132191491
2236,-2.1474373757030984
2237,-0.7468857366407455
2238,-0.9197304620801927
2239,2.4472579212464707
2240,0.4210132486535345
2241,1.1119223542926049
2242,-0.793225945057352
2243,1.026717161438162
2244,0.9443253883518965
2245,-4.463644513711396
2246,-1.9024534660666226
2247,-1.8062567561373144
2248,-1.8685257895913576
2249,-0.9767145400632837
2250,0.6475977669598176
2251,0.09899634412875447
2252,-0.8208087505048423
2253,-1.2762975048479674
2254,-0.4747007479672938
2255,-1.268520386022276
2256,-0.8634021578584394
2257,-2.363917938245641
2258,-2.1556746509169167
2259,4.145864684315792
2260,1.125470864275413
2261,-0.21640466044045015
2262,0.8158637824934756
2263,1.7311972592326974
2264,-2.215282451239786
2265,3.686542898315115
2266,0.06952000509181655
2267,-0.18856931061728144
2268,-0.16903467183172483
2269,-0.009962286930731423
2270,-0.4781310194813648
2271,1.030926575461133
2272,0.7331066434232314
2273,0.8064513103492654
2274,0.4097543111661661
2275,1.622617760062517
2276,-1.5775828991846153
2277,-0.2525763843637563
2278,0.05843159175635826
2279,0.6326664778996793
2280,0.47393158590016693
2281,0.27916915979491197
2282,0.23039790475452016
2283,-0.8715675032962555
2284,0.3671471047516528
2285,0.35618286134471155
2286,-0.44124612419439435
2287,-0.0481771377943363
2288,-1.3109703473654477
2289,-0.9962850853977301
2290,-0.47356289862193757
2291,1.7049972913682376
2292,0.4775807710105662
2293,-0.6499157946900147
2294,3.0560485635329204
2295,-0.3505473575406648
2296,0.4848850872321009
2297,-0.20815707788927051
2298,-0.44562550039192184
2299,1.0476175944010402
2300,-0.7634284356670573
2301,-0.12346590586722606
2302,-0.760748406141476
2303,0.06707521503912517
2304,-0.22981697124215827
2305,-0.076784556272258
2306,-0.37460319600618464
2307,-0.7231006471009382
2308,0.03884715456261567
2309,1.3008409961184908
2310,-0.29707480893794713
2311,0.3364076038458119
2312,0.9100459371555347
2313,1.1486678905759051
2314,0.6006563785245111
2315,-0.36383933274152236
2316,-2.1348374003196113
2317,-1.5786394464966103
2318,-3.0232337195644665
2319,-0.8319986099451504
2320,1.000705408587499
2321,-0.3402685589683041
2322,1.1347632382404438
2323,0.5163382754325818
2324,3.368562599658631
2325,0.4778287489644928
2326,0.19973281880514282
2327,0.19933468202588678
2328,-0.23683213886134258
2329,0.3228601036629808
2330,-0.7382856299399276
2331,0.44816780680776436
2332,0.8448899278372446
2333,4.687937089492733
2334,-1.1419806254127751
2335,1.055117343055434
2336,2.880292188646716
2337,-0.7349115878017787
2338,0.1233909666650046
2339,0.12323890099377177
2340,-0.16704309440842557
2341,0.05283800702884367
2342,0.7569761515107354
2343,1.4414270186803302
2344,-0.06028220217750846
2345,-0.7669102681983619
2346,0.21708926020316266
2347,0.615197176972071
2348,-0.8870189324222344
2349,-1.6335018796060474
2350,-0.5299871733709716
2351,-0.07992537678477296
2352,-0.008882427243261937
2353,-2.7197628032067156
2354,0.794886040054843
2355,-0.3807090011848646
2356,1.2829809036743578
2357,-0.4851324475531382
2358,0.523609143840309
2359,0.3412706672832222
2360,-0.8144666918180166
2361,-1.9671542241283646
2362,0.9849039956145056
2363,-1.0846800212713448
2364,-0.27644252823744164
2365,-1.0718939650940063
2366,-1.0274598348641528
2367,0.47187618376760554
2368,3.080968258034922
2369,0.3553849072719828
2370,0.217929264641481
2371,-1.096311546943518
2372,1.0809752988226062
2373,0.30814208679503796
2374,-1.2739462036696736
2375,0.24709827103126525
2376,0.25561327091168096
2377,-0.5463471824698751
2378,1.3642170363637574
2379,-0.7226044882837401
2380,0.25475277041902
2381,-0.6806425114645132
2382,-0.7127181669376204
2383,-0.8282730494631352
2384,0.668152567214042
2385,0.33185192645370787
2386,2.719594646693979
2387,1.6815717371202688
2388,0.10556188094641428
2389,-0.8611628564613283
2390,0.5938647143747922
2391,-0.5462993469536603
2392,0.42526421180015817
2393,-0.2911352761332697
2394,0.95558473113877
2395,1.0517130531854324
2396,-1.2142250553544676
2397,1.0711160705524136
2398,-0.9815886517133054
2399,0.5965438353533914
2400,-0.9854340904001058
2401,0.6429414494035113
2402,1.8290050132875102
2403,0.40391991942059224
2404,-0.9586602148664247
2405,0.4407589147573665
2406,-0.3183640876748828
2407,-0.22442998675442638
2408,0.354705143264189
2409,-2.6379289298221975
2410,-0.008856150180847067
2411,-2.975294962606645
2412,0.7848869332361508
2413,-2.1733238424761825
2414,1.6939756102315018
2415,-0.10923242846835324
2416,-1.877162018128542
2417,1.5416010661313706
2418,-4.152179841037295
2419,0.3816735542334193
2420,2.395441393121689
2421,0.9004838560257022
2422,-1.269670486534813
2423,0.27956673057791814
2424,1.031503209790685
2425,-2.4834478912078684
2426,0.8017413039328014
2427,-1.0573639503800192
2428,1.0024637879735288
2429,2.2659158237781307
2430,0.5859726995929737
2431,-1.1833270021257558
2432,1.2067107751003947
2433,2.275416344319492
2434,0.21357823075858207
2435,2.4775782793760914
2436,1.2738311969376026
2437,0.2738082376177342
2438,0.6143879219245862
2439,1.9676020886850054
2440,-0.8899606295839857
2441,-0.49513590899020743
2442,1.0036286113427328
2443,-0.3173053407098614
2444,-0.4020738302750515
2445,-0.0168244509707427
2446,-1.3038319802945009
2447,0.5710373804562296
2448,-0.8220349327992538
2449,0.5895945044889661
2450,-0.025483162577133456
2451,-1.8183357509180653
2452,-1.990482900054602
2453,-0.935980184188745
2454,2.1659686712681037
2455,-0.21811201710816297
2456,-2.2296082805978723
2457,0.7243762840318135
2458,1.4028250640010897
2459,1.6898698193214212
2460,0.2669171346847632
2461,3.014171084770867
2462,-0.23341012123525573
2463,0.559824671822251
2464,0.17449030921077302
2465,2.4800975063979047
2466,1.0036404962693979
2467,0.264445731736207
2468,-0.07193411549666351
2469,0.799808053877693
2470,0.38086436688313796
2471,-0.06323755410938547
2472,-0.553663645141611
2473,-0.6442417612037787
2474,2.3054794468676754
2475,0.7981253897528129
2476,0.21735659321315826
2477,0.1549162965041484
2478,0.5413742704723612
2479,0.29231144831731726
2480,-0.3528199851508318
2481,-0.584971149589808
2482,-0.5264849142844974
2483,0.09340782998705777
2484,0.723166898633476
2485,0.8415010794123878
2486,-0.03061804289375969
2487,-0.7275210100481488
2488,0.23141848466328163
2489,0.6618953735320732
2490,0.5352184746273414
2491,0.13688696346629836
2492,0.29619457360972046
2493,-0.22717178351052691
2494,-0.22009205997483017
2495,-1.2854662095645564
2496,1.9725671002257084
2497,0.5440541337667915
2498,1.4880473199070599
2499,-0.466520775581325
2500,0.0669565772179137
2501,-0.23792366112918018
2502,2.861836194877654
2503,-0.8766893757505945
2504,0.3873976966265902
2505,0.6116181449604907
2506,-0.101316686256403
2507,-0.49984585350345556
2508,-0.0800878088557666
2509,-0.02915224666314442
2510,0.2769714950911162
2511,1.0611945309253246
2512,0.07192614236526396
2513,-0.36653335422817124
2514,0.5554273869663007
2515,1.212340398422973
2516,-1.9491105474367831
2517,-0.0795146835792071
2518,-1.700058538205096
2519,0.7800982635435716
2520,0.36512340520362674
2521,-0.9967950326336461
2522,0.8304472427424603
2523,1.1661852325836497
2524,-1.498560364065027
2525,0.3876527022855347
2526,0.6921653539105233
2527,-0.9840815053425045
2528,-0.11692755509455921
2529,-0.10242859024768292
2530,-2.482788601391217
2531,-0.841152961717917
2532,1.817764082915918
2533,-0.14877405277000655
2534,1.2366860723730166
2535,-2.597688420893296
2536,0.7630662603343552
2537,1.4396027886619311
2538,1.7000540807873277
2539,0.014539045710715293
2540,-0.31974597736695864
2541,0.4155481022291019
2542,0.1887574389917157
2543,0.0
2544,-0.08695298346920177
2545,-0.30461136790811416
2546,-1.3240267971230568
2547,1.36390895889138
2548,0.0
2549,-1.2219127699822807
2550,-2.687573788453701
2551,-4.464286745151213
2552,0.30096407966788696
2553,-4.161399769792784
2554,-4.333856815685532
2555,4.659371289532599
2556,-3.752466824030254
2557,2.470929730053406
2558,-4.906130436612077
2559,-5.168026082795629
2560,-13.54552104147163
2561,7.769685699000806
2562,-4.707048666750002
2563,-8.243013868467997
2564,18.01249297064611
2565,-14.96487585769194
2566,6.111364292188881
2567,-10.526879822636115
2568,1.6807768176994031
2569,-2.110202798780225
2570,-5.353294875093562
2571,11.894219500280933
2572,3.7317686762064373
2573,6.966095231441449
2574,-7.12393528077796
2575,2.6006834390562172
2576,-3.711231252088909
2577,-6.297898751331732
2578,3.733998936804639
2579,-3.953832704844795
2580,6.4366399003976005
2581,1.3190256173170267
2582,4.03795640639355
2583,8.971366713349171
2584,-4.447255352102564
2585,-2.7395889342313406
2586,-4.931936214107491
2587,-3.8109913532129003
2588,8.988890770101431
2589,-3.645725162405189
2590,-2.90044276444138
2591,0.32565219112261623
2592,0.055969390874710534
2593,1.4766749120003642
2594,4.310443943967224
2595,0.7080935843341241
2596,2.697029772412818
2597,-2.145921174150245
2598,-2.621138346112062
2599,-1.1903491800016708
2600,-0.15194203448645194
2601,-1.8804384314495604
2602,1.041323226279811
2603,1.6335904821022984
2604,-2.944979306809814
2605,-3.2677585878810977
2606,-3.447087259656101
2607,4.153276109090442
2608,-1.8509999763760776
2609,5.296851387124257
2610,-1.9679368041498502
2611,2.9998914142765676
2612,-1.2701233317121696
2613,-0.7763080430928437
2614,7.097349265098396
2615,5.792113409970723
2616,-1.489594648631276
2617,-2.5535780454356227
2618,1.3256612351167707
2619,0.3346874606101613
2620,5.39775227071464
2621,2.0811411414619396
2622,4.500188656200166
2623,1.9958586031726622
2624,-2.565003182893366
2625,-4.052834557471307
2626,-8.34433214957584
2627,2.736347790516813
2628,1.3817935470770815
2629,0.7999975887345689
2630,-2.527919129313083
2631,-0.5428235799207037
2632,-1.1421112340094242
2633,-1.083731300533719
2634,1.2196385583212122
2635,-3.339116341137782
2636,3.4861560265121883
2637,-5.4818321731009645
2638,0.44281637145024977
2639,1.1397823210685498
2640,-0.8505160994342287
2641,-0.6433609911831617
2642,2.525357484793078
2643,-2.821052952816616
2644,1.0615287696849274
2645,-2.1650634580797856
2646,5.4666936136082755
2647,1.4334734921920056
2648,0.5734741933878462
2649,1.547708264566361
2650,0.2807568132678684
2651,-1.8498134532594857
2652,-0.8761212085035108
2653,2.168551432859833
2654,-0.7242744132173851
2655,0.2938503479108956
2656,-0.7072181793249865
2657,-1.404148626941859
2658,0.4334346360491459
2659,2.4249903593835276
2660,-2.6685429915385472
2661,-0.3916690028509917
2662,-0.5587757853247499
2663,-0.5723157451572591
2664,1.7373061011998647
2665,0.030859767080970713
2666,2.200739856706413
2667,1.2678629211645864
2668,3.159777746881498
2669,-0.8476182392647802
2670,-0.5537203043575412
2671,0.039074840728847704
2672,-2.6364656587115176
2673,-1.3940421245725365
2674,0.23393343942992306
2675,-1.1973620178946653
2676,-0.051353651378605036
2677,2.8154519855750237
2678,0.4397386089766808
2679,-1.4029887185167955
2680,3.2899407172385597
2681,0.4103548365479437
2682,-2.510454690993924
2683,-0.04990822491202085
2684,1.5078910978968407
2685,-0.3148054009057266
2686,2.1612501455028577
2687,-3.477587510492075
2688,0.9507652072115125
2689,-1.03103091822071
2690,1.2421094270518074
2691,1.3851801030039912
2692,-3.1131086204786107
2693,0.423044091568725
2694,-1.1434297136841964
2695,-0.21306725819246752
2696,-3.0910025040084332
2697,-1.091177150527134
2698,-1.6229965352495879
2699,-0.08625641956306884
2700,0.8741609395435113
2701,2.8779313215740343
2702,-0.8423514529330767
2703,0.9648643772081522
2704,0.7271264174154579
2705,0.9487451349530218
2706,1.1747895934715036
2707,-1.0298912187318265
2708,1.7445488394516762
2709,2.055545325739483
2710,-0.5698583592169015
2711,1.2253019076653215
2712,-1.6204642937790448
2713,-0.5556633909275188
2714,1.4967072258328162
2715,-0.20644817337056587
2716,-1.6845621598724492
2717,0.5711419613169788
2718,-0.9963136122700278
2719,3.5322475695077626
2720,0.903966106146914
2721,-2.4756764813269827
2722,-1.886602205666743
2723,-2.8088199578136686
2724,0.6525763905567139
2725,0.8953409107504529
2726,2.254181011663614
2727,3.152123353725056
2728,-3.055800744804771
2729,4.08977403902353
2730,-1.332055016745548
2731,13.539241030848581
2732,-0.3250683300704438
2733,-1.4933040798993824
2734,-1.228433566571152
2735,0.626267149397286
2736,2.8225816698984163
2737,-1.0144948085646477
2738,-0.7406774660501436
2739,0.2689783588665895
2740,-0.8566959888239523
2741,2.880337837608371
2742,4.623735319629674
2743,-1.0460597783973902
2744,-0.6637692097815284
2745,-2.75532414919224
2746,1.5778763604421764
2747,1.9208310445892662
2748,-0.6555252751198837
2749,0.9072900804213857
2750,-0.376000570739099
2751,0.0984597549116506
2752,-0.7786860231493331
2753,-0.6443671119594208
2754,-0.5903376605054467
2755,-1.053859595654849
2756,1.707520364291648
2757,0.2908896900006841
2758,-0.8287064019011137
2759,-0.4930194258528253
2760,3.753779939510715
2761,-1.5216550678877172
2762,2.794445284003233
2763,-0.4397561790196236
2764,0.6585285230730653
2765,-0.26327924948279513
2766,0.27997637640200246
2767,1.3640707371945116
2768,-0.9443589762525684
2769,-0.17478447279138942
2770,4.695584125929142
2771,3.283916355159655
2772,0.11040638894852517
2773,1.4924266398570252
2774,1.5718928800977583
2775,0.09271493487428284
2776,0.5842479727609762
2777,-1.7921646327919483
2778,-0.43277993808216175
2779,-1.499559668290451
2780,-0.8384197833447238
2781,-0.7713480166120834
2782,-1.2482235239923645
2783,-0.4087142795107246
2784,-2.827178270965147
2785,1.7597372041759929
2786,-1.1067576932219936
2787,0.7383204801128862
2788,3.0782330222715704
2789,1.145122949111288
2790,2.3013176146201575
2791,-0.19530146290122063
2792,1.5654469698452633
2793,-0.3995986592212786
2794,0.05731611262731473
2795,-0.27924916183733606
2796,1.4216957469646463
2797,2.4070753249446852
2798,0.31110420049744736
2799,0.33769139473738274
2800,1.669076169856254
2801,0.9390618494307335
2802,0.8031570302052815
2803,1.7595072609688511
2804,-1.3571720642087781
2805,-2.652463752552048
2806,2.262690679136914
2807,-0.32558504529173193
2808,1.9332106269367877
2809,-1.536855697622319
2810,0.2324695199197313
2811,1.3252931889644826
2812,-0.7062990028050775
2813,2.173485485055715
2814,-0.5221411287942845
2815,1.185838831915631
2816,-0.49951893037789574
2817,-1.197142735924439
2818,1.0292501384881136
2819,1.6506529234911804
2820,-1.5921310523386634
2821,-2.6878936350076765
2822,-1.0001950683092842
2823,0.7761195980280133
2824,1.281375645423899
2825,1.6650234253165141
2826,-1.553938821984857
2827,1.1789383927861108
2828,-1.456499263482891
2829,0.9722203428140785
2830,-0.05855936032014286
2831,-0.703034673468661
2832,1.5668018190910127
2833,0.12263761078454838
2834,0.7478105328929674
2835,-0.21116063068360447
2836,-1.1926903794482802
2837,-1.8690308861505578
2838,0.6348729663736563
2839,0.7425937414797801
2840,-0.4240111822137238
2841,-2.214208817011476
2842,0.8507998776189352
2843,-2.1057515014764605
2844,1.913555959594282
2845,0.24635136238968514
2846,0.4582906831794631
2847,0.6479310595299603
2848,1.9444306621180019
2849,-0.8892356859995121
2850,-0.29256677419213784
2851,1.3823650943858956
2852,1.3120713924489324
2853,2.012441647387342
2854,0.3422758375763779
2855,-0.012406519337282429
2856,-1.6623296825940992
2857,-0.687521372555755
2858,2.5722471452883866
2859,1.5541761652234864
2860,0.4024167332569828
2861,-1.4088735599847801
2862,-0.7637853073891643
2863,-0.17379354368823874
2864,1.1378485420755258
2865,0.5409993878098263
2866,-1.0333785324671996
2867,-0.012359760090552285
2868,1.5571922659258997
2869,-0.06693070049677008
2870,1.1020442633077554
2871,0.006018974195876048
2872,0.06624148619100989
2873,0.16248677585373184
2874,-0.46863660649817396
2875,-0.39840857631245896
2876,-1.2484833688446995
2877,-1.5588612414776826
2878,-0.068578936743946
2879,-1.6969156378081718
2880,-1.5167954162239594
2881,0.7024176105981939
2882,-2.886036758379862
2883,-2.5303086958912924
2884,1.6968594766808787
2885,-0.14623809919886988
2886,0.6058107733486251
2887,0.9197984611967192
2888,1.009775490387832
2889,0.1817583730931771
2890,-0.12311439069004892
2891,0.9082612573166893
2892,0.9901045463521774
2893,-0.6684511328737597
2894,-1.6791611470134415
2895,0.11732786095077774
2896,-1.72536881285843
2897,3.1999481601503676
2898,1.431595086585813
2899,-1.4873456351364722
2900,-0.340506778078864
2901,0.21919262982366128
2902,-2.2835474710172776
2903,-3.251927010938793
2904,1.8643297750603027
2905,2.104063693287239
2906,-1.2625984082585529
2907,-0.19213761359927473
2908,0.6704690061923424
2909,-0.13188061740292412
2910,0.16507098384785923
2911,0.8569565444364269
2912,-0.7973864187602153
2913,-0.401897888560776
2914,1.1377927112103725
2915,-1.079203285415209
2916,1.2628857008383454
2917,2.840356694010593
2918,-0.10793534536209792
2919,1.2267162355046102
2920,1.193023496677248
2921,0.39090941282446945
2922,-1.1187326989949842
2923,-0.6563339666204704
2924,-1.208077932062912
2925,-0.9107653817024941
2926,-0.8355849315193398
2927,0.28519733269876113
2928,1.279728355685994
2929,0.6190180214384444
2930,2.0612672275911237
2931,0.5157853843518412
2932,0.8037113148425368
2933,-1.6007363149346587
2934,-0.3054135413286474
2935,-0.14379226753813423
2936,0.4633142295945136
2937,-0.6045127633783731
2938,-0.1755588247872253
2939,-0.44595608562670863
2940,0.4353327706033028
2941,-1.1495708291909046
2942,1.5887137711637411
2943,-1.7452729109724174
2944,0.6939557439764377
2945,-0.04426360811694563
2946,-0.25934826466379457
2947,-2.9933955994145722
2948,0.01306813074954949
2949,1.9152882836973806
2950,3.3801480917754922
2951,1.1539897598165316
2952,2.4165864840852924
2953,-0.5389830635478599
2954,-0.07827846903851743
2955,-1.36185269562904
2956,2.101534846416553
2957,-0.10770533675059646
2958,1.0242628003145793
2959,0.2134475290732185
2960,0.6330564657333948
2961,0.07643299759629851
2962,-2.1031616762902883
2963,-0.7681221699382679
2964,-2.636671863968676
2965,1.534162248883919
2966,1.9208413569466343
2967,-0.03601077868913283
2968,1.212851537344739
2969,1.346615005661067
2970,-0.7843575079692466
2971,1.3451320231840036
2972,-0.48899542662697026
2973,0.26909526647269644
2974,-2.082842586088862
2975,1.5074770611297916
2976,-0.27588707385491906
2977,-0.052973299319525324
2978,0.39458077556164817
2979,0.035195376408814205
2980,-1.3135550983396915
2981,-0.14260517199436995
2982,0.6010083240075126
2983,-0.7571269358697563
2984,-0.09536515870395279
2985,-0.005962598214459547
2986,-0.4474673332551027
2987,-0.17979327020283264
2988,-0.7204592734339155
2989,-0.5382192709019185
2990,-0.8633782199829909
2991,-1.3063507163114663
2992,2.131498865025616
2993,2.391233665854542
2994,-0.7844022314029697
2995,-3.012705939037408
2996,-0.43228369042400683
2997,-1.488552974063273
2998,-0.5918292706475703
2999,2.102734395498662
3000,-1.8113102823183458
3001,1.181382560675348
3002,1.5047475068705518
3003,-1.1441228557258376
3004,-0.15555969731562147
3005,-0.3988528997070806
3006,-1.1888431161306223
3007,0.7662149999347889
3008,-0.747817762138947
3009,1.5638857683438756
3010,-2.275424893675515
3011,-1.7989232994689353
3012,1.3966440576761219
3013,0.39080057957787684
3014,0.35736922112303837
3015,0.5723064903415898
3016,0.3034874281898192
3017,-0.05042979788356661
3018,-0.0504552423603033
3019,-0.0820227331700063
3020,2.1155609192314406
3021,3.7909740250487545
3022,-2.413157961968404
3023,1.0624041434441622
3024,0.9908164253964458
3025,0.09571886731516432
3026,0.1016006224622723
3027,0.5671962010180831
3028,-0.1246774583372745
3029,-6.146345241925233
3030,-4.192789374107453
3031,-1.5469105113958714
3032,-0.852742279009322
3033,-1.747258409229424
3034,-0.08960909923608762
3035,1.0900323313693283
3036,0.948610797262095
3037,-1.7644677140751241
3038,0.8946411627552386
3039,1.3573463507806194
3040,1.7160078655665822
3041,-0.8005236546068217
3042,-0.8270011157620383
3043,2.5958309950033787
3044,0.3343011102429516
3045,1.8814852591751086
3046,0.416806135295511
3047,-0.41507607275811376
3048,-1.3016985053039831
3049,-0.9290493066480332
3050,1.4623881219802515
3051,0.18097128819012376
3052,-2.3032305317540303
3053,0.46886795760952005
3054,-0.1774709304220634
3055,-2.093891339976317
3056,-2.78431590669983
3057,2.3659620178082985
3058,-4.1697628695309135
3059,-3.772923828191199
3060,2.074021175777796
3061,-0.7108023419305387
3062,-2.8129290465722434
3063,-3.861597781480963
3064,-0.7042826521358792
3065,4.006234814799581
3066,-1.1840541083236733
3067,-2.2523898126464603
3068,0.9930939447266862
3069,1.7746005923697128
3070,4.4685977957913625
3071,1.264450922814997
3072,-0.03566735294021628
3073,-0.32120784255980084
3074,2.126746402083368
3075,-1.9913030676778964
3076,0.6510256617945798
3077,0.874259511120079
3078,-0.739855598439243
3079,0.2200593237302817
3080,-0.45332159147946083
3081,-3.002694011321294
3082,-0.7409108798115183
3083,0.44343072525427907
3084,-1.890962589191103
3085,-1.387423800461629
3086,-0.30421259302041426
3087,1.8308103000379328
3088,-0.367072794216905
3089,-1.0977494089226991
3090,-3.223346853266096
3091,-0.9269444437452368
3092,1.8553789377780294
3093,2.0706743455534804
3094,0.3508288064349552
3095,-0.7751970347063764
3096,-2.8722427007683127
3097,-0.03154397626169425
3098,-2.9581131965779717
3099,-1.3006003233469232
3100,1.5812866067365539
3101,-3.226849234400686
3102,0.9132006805603998
3103,2.141969195867488
3104,3.308136011709939
3105,-2.501967225297219
3106,-0.1613919877318959
3107,-1.5033952408661233
3108,-2.4372240323547456
3109,-0.6308352290775643
3110,-0.0846440448939556
3111,0.8895250882916317
3112,-0.6969470376884002
3113,3.31472864716309
3114,-1.710594174222324
3115,-1.4822206957926687
3116,-0.819881025035718
3117,6.1871504711187075
3118,1.4125217959741976
3119,0.6964207416645829
3120,1.7290196593622742
3121,1.4137838353974752
3122,0.731310599400592
3123,-1.7545126978677716
3124,1.608803232218059
3125,-1.3939366196141112
3126,-0.33036871732624595
3127,0.26209173504776473
3128,-1.5914562986522718
3129,-2.101564407348633
3130,-4.596596136826692
3131,-2.977837806032524
3132,-1.6639368400045762
3133,1.1835929619603114
3134,-1.7156254172996377
3135,-0.3526417392248349
3136,2.4772211642902997
3137,-0.5611685363063112
3138,-1.0939417719152855
3139,2.9845519491991546
3140,-0.8012294952705501
3141,-0.4811802473017379
3142,-0.448969646379338
3143,-2.3330462881243075
3144,1.2787518280804155
3145,-1.2538362708564121
3146,-0.6482004431985766
3147,2.529271468846317
3148,-0.31380806007749174
3149,-1.3116474221706365
3150,0.09746642721661924
3151,-0.9383000328758939
3152,-3.4938821679560306
3153,4.583330507631644
3154,-1.0269996140384152
3155,2.477857250542037
3156,-0.017455170646440976
3157,0.6809837376133165
3158,-0.48560315649990304
3159,0.40083572317000105
3160,-1.562231411810111
3161,1.6046550204605214
3162,-0.37313460009267274
3163,0.4790550156375639
3164,-0.9968806516941986
3165,-1.558531471469804
3166,1.0495422057927861
3167,-1.1002552533091903
3168,3.025989237637705
3169,-1.218040459648606
3170,0.9007422763805062
3171,2.608772931082126
3172,1.4781653932105732
3173,1.6563990959542085
3174,0.27020538645385894
3175,0.9554125246548972
3176,-0.8412205278914175
3177,-0.7749383935241716
3178,-2.4745167307906324
3179,-1.6521951697307191
3180,-0.9856874465821397
3181,0.2423878262016954
3182,2.374784047951062
3183,-3.272884675606902
3184,-0.24417788764969917
3185,0.01748778089665226
3186,-0.5943538881303168
3187,0.6858337784875435
3188,-0.6986315927285269
3189,0.026381830567601128
3190,1.8990713053261166
3191,2.329591814232468
3192,0.4806068314989087
3193,1.1831867783621552
3194,-3.474873426587677
3195,-0.23197580933265183
3196,1.5070616247048862
3197,-0.6702306754211462
3198,0.9224477401470477
3199,-1.9719039936030858
3200,-2.8835395963791477
3201,-1.1378778590137473
3202,-1.8613431452794926
3203,-2.1531963416374977
3204,-0.8802345101109332
3205,2.0217283141214626
3206,-1.6945960161687479
3207,-1.5636808636451338
3208,3.090912303285731
3209,4.678356195194944
3210,-2.1104880059108377
3211,-2.038228111640872
3212,-1.9974071064416954
3213,-0.9341436703203199
3214,-2.8859880378590663
3215,1.6182831901674577
3216,5.559310976063236
3217,1.6640757512288662
3218,4.200016248229033
3219,2.572066038184384
3220,-1.9606145013968401
3221,-0.3261564465239397
3222,5.25273938498787
3223,0.12271446646889839
3224,0.2614803905915952
3225,1.1491472674642011
3226,0.3948093315283341
3227,1.1878036717961837
3228,-0.15863307006033223
3229,1.803302107241489
3230,-0.9207902707622506
3231,0.18114178571935202
3232,2.7358457633887223
3233,0.528009244014993
3234,0.0608981000443265
3235,-1.3008683870501914
3236,4.115921159084568
3237,0.16286735099269034
3238,-1.0273461628206415
3239,-0.7243680040146194
3240,0.13539391641022025
3241,-0.43569850685774014
3242,0.9808383262486675
3243,-0.5902520231234942
3244,1.4956709423004533
3245,1.0663525718303868
3246,0.1905112644816187
3247,-1.7478421044585413
3248,1.644950766414821
3249,1.1862881855225549
3250,-1.4039566402128
3251,-0.7927200436797399
3252,-2.8040902946382174
3253,0.16746687134066018
3254,-0.06839147381654254
3255,1.0494333709600845
3256,-0.5418431624367392
3257,1.5511523872222321
3258,-0.09686675829595481
3259,-0.4997002981768528
3260,-2.4810714846969506
3261,-0.6226078242750566
3262,0.595563703647839
3263,0.48439558253003945
3264,1.1248000560426963
3265,-1.1349878620123377
3266,0.4745102554801983
3267,0.3504012173556781
3268,0.5465319498111576
3269,0.5737539395401337
3270,0.6605651364276932
3271,0.7606181709525872
3272,0.9325117015673401
3273,-0.7552417820940294
3274,1.913554651715188
3275,-0.4132284428955857
3276,0.8954000364336023
3277,0.7431448296817633
3278,-0.10026454540765783
3279,2.52347041010359
3280,-1.5453405635733275
3281,-3.004258264102544
3282,-1.3326552146241233
3283,0.24489931803688414
3284,1.621263260082939
3285,0.8596143651595778
3286,0.48392790445186407
3287,0.6181718232717959
3288,0.24290013363159613
3289,-0.8480632691649337
3290,0.5965656594016489
3291,-0.26436864691854467
3292,-0.46564504157662334
3293,1.5474261254537325
3294,0.5882782993820168
3295,1.2189936230689868
3296,-0.7030940130521302
3297,-1.5563665382798852
3298,0.44152907368761873
3299,1.084808643589441
3300,0.4418808947598496
3301,0.418998684568761
3302,-1.3769093779687935
3303,0.29614874295214033
3304,-1.8349272423762608
3305,-0.7663161833423859
3306,0.8010974523019687
3307,0.9021225197639371
3308,0.8727815583996046
3309,0.8370866704777935
3310,-0.5580767476076165
3311,-1.0382291798350263
3312,1.8359652678957339
3313,-0.5847113437824403
3314,-2.94077299512856
3315,-0.5915395284327274
3316,-5.4136477131028755
3317,2.5395102436653216
3318,-1.7957306442851317
3319,2.5676153273809454
3320,-4.724410073566821
3321,1.9413734600084886
3322,-3.778204544096553
3323,1.0571511460647276
3324,2.6820856366835955
3325,-2.58138848548779
3326,-0.26734075048694406
3327,-1.5215962878459277
3328,2.866064947639302
3329,0.3035250781969756
3330,0.20173378102550377
3331,-0.3019973606099402
3332,1.2116485891990214
3333,-0.1151054403304208
3334,-1.3368204088877067
3335,-0.630740982824296
3336,-0.10970879161416036
3337,0.32948785198341213
3338,0.4926146577677537
3339,-0.015565104105141891
3340,0.38132723203430086
3341,7.550965051235048
3342,0.7929115096896533
3343,1.1227862725244009
3344,-0.12729326983778044
3345,-0.29032973981398813
3346,-0.19175078271597146
3347,0.1351945712843472
3348,-2.1743747967690408
3349,-1.7723559772347297
3350,1.3458606682837493
3351,0.8682980043107635
3352,2.141197437397735
3353,-1.614730048565527
3354,-2.1163277283021698
3355,-1.36784870480392
3356,1.9534823079044417
3357,0.24133524776783766
3358,-0.48150844593466413
3359,0.05131006784742098
3360,-0.3150591216603327
3361,-1.4332943068735893
3362,0.842646959427551
3363,-0.6729190505586846
3364,3.074738980660241
3365,0.7583987539922843
3366,-0.22939593133960434
3367,-0.8262638001162115
3368,-1.0432532450491028
3369,-0.9151475463164971
3370,0.24383171271173953
3371,0.9360980980330336
3372,0.3797314613627423
3373,-1.2730975662199384
3374,1.3779345845367441
3375,2.1005955452721103
3376,-0.9824196417883346
3377,0.17973974159339878
3378,0.9688575706876978
3379,0.028426530271374872
3380,0.19896169103774675
3381,-0.00708780031578593
3382,0.7234072854332974
3383,-0.3731860043322377
3384,1.1308154516990632
3385,0.118805069044714
3386,-0.5095600694751012
3387,-0.14733140873963713
3388,-1.9252426589060456
3389,-0.5229944963194955
3390,0.24486591497674404
3391,0.007180477520396522
3392,-0.4382188388828645
3393,3.4923129127519603
3394,1.4013873445343883
3395,0.804454173064717
3396,-1.343701802402164
3397,-0.9886564448392754
3398,0.789043761642394
3399,0.5611733262744334
3400,1.563902423640351
3401,0.49518093651206296
3402,0.48599476906237005
3403,0.6045604788023073
3404,2.410362894685014
3405,0.18255233432207252
3406,0.383962204756938
3407,1.231762655743518
3408,-0.7684899104368204
3409,1.9683789040516153
3410,-0.7468308074564889
3411,0.5994051388314325
3412,-1.1029350246963943
3413,0.5704392803977942
3414,0.6691753408016643
3415,-0.49380476382155924
3416,-1.132458876600484
3417,0.6113334905688994
3418,-0.21106608133817373
3419,0.47429189470007405
3420,-0.5613610964914084
3421,-1.3407823525864782
3422,-0.1495518158396325
3423,0.5795776268548325
3424,0.20719153806521007
3425,-2.5457145006406834
3426,-0.42431835966249
3427,-1.0386826907485713
3428,0.22875349977866666
3429,0.3423471186526861
3430,-2.0738499687790957
3431,0.676315207918976
3432,-0.09499857113866028
3433,-0.12225272091588302
3434,0.3468170664753023
3435,0.8132264625212438
3436,-0.403328090133126
3437,-1.2351523932384256
3438,0.33486331376513245
3439,-1.1033989205566086
3440,-0.16528253403513826
3441,-0.8554121383366642
3442,0.07653813624912686
3443,0.43802049279850763
3444,1.3013910678733032
3445,0.04783881780145993
3446,1.939755663448306
3447,-0.2948090059673336
3448,0.20831769617608575
3449,-0.1274158044713869
3450,-0.42301057879921
3451,-0.7822007000933939
3452,-0.9582735272245513
3453,0.4940652177395588
3454,-1.0378998321168509
3455,0.5864942706629073
3456,1.241595262553119
3457,-1.74130505399972
3458,-0.8619500504575384
3459,-0.7372870050034397
3460,0.4484614669885367
3461,-0.31392548857395175
3462,1.5395467466744028
3463,-0.22743061142207477
3464,0.6078535594758128
3465,0.343288720187207
3466,-0.23263520498771895
3467,1.5019562979734724
3468,-0.10134722735430923
3469,-0.21644052148005466
3470,-1.0980784454631465
3471,-0.4249265714586281
3472,-1.610569513402249
3473,-1.3641112206166928
3474,0.12056607726618207
3475,-0.5454446996162932
3476,0.2564107022803741
3477,-3.601870036435295
3478,1.274961822103382
3479,1.1934211988798182
3480,-0.08629017639449899
3481,1.784940034519522
3482,1.1172407378814642
3483,0.7552460357025836
3484,-0.04858920275475631
3485,0.49302599885419074
3486,-0.2971309638911124
3487,1.4831239096426696
3488,-0.4438939623001681
3489,1.8246698342592849
3490,0.8757767652765702
3491,1.1419736826149496
3492,0.9045958425768497
3493,0.30754216685577873
3494,-0.20874948101301527
3495,0.2353406599194363
3496,0.13695392458776823
3497,-0.22794767489296985
3498,0.22846846344324323
3499,0.5080201069387336
3500,1.1404836853968536
3501,0.48692625443365056
3502,0.7332371729950271
3503,-0.012661732872587539
3504,-1.050834746649243
3505,0.30707935195195546
3506,1.103393749861925
3507,0.3658855762190161
3508,0.892519242281753
3509,0.3364024867680948
3510,1.8192027685238088
3511,0.7561376869559933
3512,0.6052169859333434
3513,1.3354997760703924
3514,-1.1279275339305395
3515,0.5703974367067266
3516,-0.05970513642723496
3517,0.5914011524852603
3518,0.5997948277788545
3519,0.5312923185956109
3520,-0.11743801800250253
3521,1.164018610519113
3522,-0.4358437889466882
3523,0.046694583668749345
3524,0.5017213651350438
3525,-0.14512102734066668
3526,-0.7906060786962099
3527,0.21094609318321744
3528,-0.4210040946765803
3529,-0.7339988124486996
3530,-0.6270319665532376
3531,-0.5357516077407753
3532,0.19749945435834082
3533,1.7261972412232929
3534,-0.11743112624575947
3535,-0.6583946347475056
3536,0.8935407170556076
3537,1.4310864758980912
3538,-0.38163736139242843
3539,0.2612009237466184
3540,2.049446322285453
3541,-1.0835670368266825
3542,-0.36132420314702873
3543,0.5756058392865526
3544,-0.1316292183156098
3545,0.343843039263958
3546,0.18845605983048852
3547,-0.3591116971587316
3548,0.12013240927457591
3549,0.4456881342661978
3550,-0.8703560144100453
3551,1.0157261151477304
3552,2.1814442791112887
3553,-0.46700192399702356
3554,0.39099422053010535
3555,0.650975461390968
3556,1.1995652299336745
3557,0.50253899171806
3558,-0.34241255720594
3559,0.049081772246428734
3560,0.5069544562776418
3561,0.9111577347278077
3562,-0.4138472979493879
3563,0.750175098501904
3564,1.0017197607374628
3565,0.5197537585136303
3566,-0.8758527266400806
3567,0.18630229020728528
3568,0.03718630590572314
3569,0.8231999081344421
3570,0.8112139562944654
3571,-1.7817972489850287
3572,1.2395604702470253
3573,1.2401474369444276
3574,0.5865200885209365
3575,1.3107016011768557
3576,1.3905137788814637
3577,-1.2257623185632949
3578,-0.9154652821021236
3579,0.46709186382787315
3580,1.9363452856749008
3581,0.39093763161297534
3582,-0.6789818220822141
3583,-0.04021404949878793
3584,-0.28160392078596663
3585,-1.3363636482556007
3586,0.9200118108412259
3587,0.5216504407274725
3588,-0.6700936415176217
3589,-0.852139349628056
3590,-0.020467869582041498
3591,-6.467788908234895
3592,0.05471092903814867
3593,-1.1427614111572448
3594,-0.39823075694142007
3595,0.6497102160421875
3596,2.510346511314654
3597,1.9429497045519106
3598,1.4413154927176652
3599,0.4892278777934189
3600,0.15019333094192788
3601,0.06206256348293415
3602,-0.10853620750690407
3603,-0.796768054562802
3604,0.06258220180961338
3605,-0.10424108600330939
3606,-0.600025635656809
3607,0.7821140812172
3608,-0.13020833333333703
3609,2.0338951220257417
3610,0.9455692109525016
3611,0.6430401379549089
3612,-0.020128059597479542
3613,1.3988823222782498
3614,0.2977550096133097
3615,0.17812112674504554
3616,1.1458448419234157
3617,-4.497285881644575
3618,2.014522141588726
3619,-0.6064588452067365
3620,-0.7009224984926621
3621,1.9246438046735426
3622,-0.602863172433743
3623,-0.6967415486959561
3624,0.6158201084975223
3625,1.6555475951657295
3626,-0.39974216013181074
3627,-1.3180079107995235
3628,-0.9540114080821893
3629,-0.17742616570661784
3630,1.5438490831320761
3631,-0.17004068171035946
3632,-2.630128743022375
3633,-1.4560618554062543
3634,1.1120998780284719
3635,0.06196174476835736
3636,0.6192573824963743
3637,1.0360059066180538
3638,0.8477148065712203
3639,-1.1929305577242255
3640,1.3143157365995695
3641,-0.4072795347481173
3642,-0.3231254732019351
3643,0.8813278416220705
3644,1.5514366452268336
3645,1.5771791397425572
3646,1.6451715419903312
3647,-0.06703988336009825
3648,-1.8688049785079874
3649,0.1855583257339921
3650,1.199008985632255
3651,0.08187553096734579
3652,-0.1684341185637317
3653,-1.2099274734924004
3654,2.493412974274034
3655,1.6995915322838728
3656,1.5213931627594768
3657,-3.1770182804335745
3658,-0.09524571497834255
3659,0.238344934173651
3660,0.023779271470458774
3661,-0.8272740350954266
3662,0.03835362791084762
3663,1.7108388151364062
3664,-0.6549186551416675
3665,2.0583335130471614
3666,-1.1106461092676545
3667,-2.2744343366919106
3668,-4.24120361582514
3669,-2.129158133051834
3670,2.7911763015731728
3671,0.029947868468838124
3672,1.826349188413623
3673,0.8526930873183236
3674,0.18950407379263456
3675,0.8487317422178675
3676,1.1060897493284871
3677,0.6230962349534019
3678,1.1439367213590845
3679,0.6916837496357742
3680,-0.43165128287501187
3681,0.03729341295046762
3682,0.9459453502147941
3683,0.7755124580687944
3684,0.39393551370487945
3685,0.4608269905890028
3686,0.5041332760811201
3687,0.41575012682331103
3688,1.1655624227695949
3689,-2.001779332255582
3690,-0.4403092180054302
3691,-0.7750863694204746
3692,-2.3755907057619208
3693,2.0474398509197744
3694,-5.188875110318492
3695,0.8124139855903989
3696,-0.3040050364387037
3697,-1.1035811771247017
3698,1.7325730027581088
3699,0.6687190347189897
3700,-0.8219838569668458
3701,1.4214797694763304
3702,0.2898140548906136
3703,0.16580894859430373
3704,0.07093922377623407
3705,-0.6616541049741853
3706,-0.1950633509429922
3707,0.3432172871068673
3708,0.17102166762543725
3709,-1.8116320369730765
3710,0.12074961751689095
3711,-0.9937756888004912
3712,2.918679344083963
3713,-0.13730164910795706
3714,-0.08533289813266176
3715,1.2669030457628905
3716,-0.27176545592300094
3717,4.439953538262609
3718,-0.3643877741051127
3719,0.41087397492496347
3720,0.5620756344397737
3721,0.34877427178752196
3722,0.4233120737872076
3723,-1.0516018851378872
3724,0.5022399628643592
3725,-0.316790768582198
3726,0.7027402711134556
3727,-1.1867713661879553
3728,1.4349343153429173
3729,-1.1529960547741136
3730,0.6774382265466894
3731,-1.1095786518114492
3732,0.4596270191406626
3733,-1.4174233549404835
3734,0.7780538371848778
3735,11.54453538817528
3736,-4.322833636088063
3737,0.2538247027382923
3738,0.9747647903790124
3739,0.11283558863159904
3740,0.6678936883543152
3741,0.2944068022460611
3742,1.4222526608724362
3743,-0.11414079413131217
3744,-0.7917407872795379
3745,-0.9502643438205838
3746,1.6529594433577488
3747,1.5484591559001837
3748,0.7000564123962771
3749,-0.12784852531594337
3750,-0.07201181489429054
3751,-0.02802036403015684
3752,-1.3895567850956136
3753,-0.5807076855964488
3754,-0.5800234397729698
3755,0.8545611681236576
3756,0.7658485072238319
3757,-1.435156469517429
3758,-0.38964642867603816
3759,0.27587835265645566
3760,-0.8212540590584627
3761,-0.6583018034722499
3762,-0.1500377622274396
3763,-0.5092249817926997
3764,-3.3520747913679427
3765,1.1242833926189855
3766,1.9917579223576842
3767,0.3324887482488714
3768,1.6443635131430545
3769,0.3425371794054666
3770,-0.8102332917859667
3771,-0.7670899609289683
3772,0.16296146486409757
3773,0.12097671269892807
3774,1.366666158040375
3775,-0.9988460572074143
3776,0.9632518192391304
3777,-0.01644663668789459
3778,-1.3408504504395902
3779,1.8093182494790083
3780,1.334914384018493
3781,1.9719581600762703
3782,0.7608472845281877
3783,1.9231522820161606
3784,1.4932840957330606
3785,-0.07223603478235807
3786,1.1832353950966379
3787,-0.4173776342136559
3788,0.3813660246152484
3789,0.48523923840708694
3790,-0.20963840887292529
3791,0.6189603485538431
3792,-0.34672600203814463
3793,-0.18331098269802615
3794,0.4235241906796805
3795,0.9293088794830151
3796,2.392486556940465
3797,-0.3972575398202616
3798,-1.7258808769853862
3799,1.4573426671060874
3800,0.16728680642672522
3801,0.3158450094870924
3802,0.09770881822359634
3803,1.2148002146237902
3804,-0.25004900035995314
3805,-4.458375006994187
3806,-0.9595193687116144
3807,-1.0974848636317813
3808,-1.5076155569820116
3809,0.540021243744282
3810,0.10045953841442135
3811,2.1617472948854743
3812,-1.5227654911162292
3813,-3.978971418721977
3814,0.5114880236950503
3815,-1.9838609777685035
3816,-1.727912153340494
3817,-4.152219584480776
3818,-1.3263292631401913
3819,-0.5411562784616519
3820,-1.189114316654627
3821,3.219503495447773
3822,0.6410214329397146
3823,0.44458110438334586
3824,1.7619267856068932
3825,-0.04182430816793703
3826,1.0961928104231022
3827,2.6610903223296845
3828,1.2376067703111282
3829,-0.03982244318526673
3830,-1.1592254616022313
3831,-2.1239678854510946
3832,1.0088519195663004
3833,-0.6685688419263536
3834,0.886482651910625
3835,-6.968515325206736
3836,-8.050200474691183
3837,1.9783163811388338
3838,1.1331806790317644
3839,8.05551787432055
3840,-3.0852589572947897
3841,4.002464142248918
3842,-0.6265858368589949
3843,-0.6774012992593614
3844,-1.5098889884338718
3845,1.023477242832982
3846,-1.2803936604324884
3847,2.882217863837555
3848,2.2454300382664716
3849,1.5609408961383853
3850,-0.4455511529635636
3851,-0.13549654153958146
3852,0.5756080459904167
3853,0.0
3854,0.9279716776110059
3855,2.276315416210073
3856,0.019802404992108613
3857,-1.3105787102432265
3858,0.05616826064129832
3859,1.635992558258148
3860,-0.15386412110711678
3861,2.7540642925105274
3862,1.1382511484725688
3863,0.9999637980152132
3864,0.6964220312914327
3865,0.026171941670560805
3866,-1.0016417626832808
3867,0.30201894375632143
3868,-1.746455984181583
3869,-0.14173885422771315
3870,0.015336642223640062
3871,1.7567478193995179
3872,-0.6785096507854638
3873,0.33398038461716073
3874,-0.13995352120935722
3875,0.2500013871626461
3876,0.6083221224533641
3877,-0.7698906664481364
3878,-0.8591283790721604
3879,1.4430229445110188
3880,0.38007722360680063
3881,0.6973142150550116
3882,-0.16753990945845842
3883,0.0335619391904185
3884,-1.226505423173152
3885,2.0418844669853886
3886,-0.31069551094935477
3887,1.6473740807332105
3888,0.3796205932837582
3889,1.1890869140624982
3890,1.0745034930109698
3891,0.9955157845944695
3892,1.6510605089471664
3893,-0.5679704410173181
3894,0.9752423995697201
3895,0.17246731526476822
3896,0.5475005398714039
3897,1.3698630136986356
3898,-1.3614860740867818
3899,-3.147584478879195
3900,0.1343818107549799
3901,1.776380390678023
3902,-0.4615070191805737
3903,0.6414372688521519
3904,-0.7447261250964843
3905,-0.25474803693846804
3906,1.42746710087287
3907,0.4725750762439418
3908,-0.10299303199227117
3909,0.15808896214328794
3910,1.8289185134672925
3911,-0.07077165579759681
3912,0.6980298126546769
3913,-0.11385585139976895
3914,-0.41571350390560147
3915,0.8719351815864584
3916,-1.1314002580493754
3917,-2.319064050654407
3918,1.6898831015486504
3919,-0.9821295971339628
3920,-0.006860354191184914
3921,-1.5136446094813238
3922,0.6342814904625849
3923,0.27704244559974
3924,1.1362096189602822
3925,-0.7922169287572722
3926,1.2494423632893215
3927,-1.247624891910859
3928,0.3580187200539209
3929,-0.29842387432866824
3930,0.543585822734105
3931,-0.2634783189851442
3932,1.6365282854821084
3933,-0.45233472254386786
3934,1.2444942365860578
3935,0.2377973130794464
3936,0.5981049693340568
3937,0.11625405885704598
3938,-0.5706327198195527
3939,-0.06339754209786497
3940,1.4390161991468808
3941,-3.1071036185357115
3942,-0.4993549821049492
3943,1.6865256835355114
3944,0.9031399651781014
3945,1.6703230421721171
3946,0.4418137564805802
3947,0.6483953636668982
3948,0.0938842831505804
3949,0.8279690605710543
3950,0.4747428985816038
3951,0.494840129810048
3952,-0.7433751658189935
3953,0.09601452778922326
3954,0.21744043441638272
3955,0.009571430671839742
3956,0.832663981470394
3957,-0.11706483580508076
3958,-0.08236236929082263
3959,-1.4963704562979352
3960,-1.0170267287868184
3961,0.8063765517030586
3962,-0.27416898586021254
3963,-0.4819167700600424
3964,-1.1895101020730658
3965,0.49337236655020433
3966,-1.5186672828847558
3967,2.353014798625974
3968,-1.912528696006499
3969,1.1950529759034545
3970,-2.3389688375087925
3971,-0.3282678898230973
3972,1.6131159538753437
3973,-1.7429518682984146
3974,-1.0030667552127337
3975,0.14621169452826432
3976,2.0031213843006768
3977,1.2348526910299418
3978,0.3978272166232255
3979,0.049130344923797864
3980,1.286371166298661
3981,0.5429138645703491
3982,-0.568908794500711
